SampleID,BarcodeSequence,LinkerPrimerSequence,ReversePrimer,LID,Index,Species,Site,Fieldtype,Incubation time,DNAType,Treatment,SpikeLevel,Description
SYURawCK1,AACCGGAT,CTTGGTCATTTAGAGGAAGTAA,GCTGCGTTCTTCATCGATGC,L1,1,Bact,SY,Upland,Raw,Rawsoil,CK,0,SYURawCK1
SYURawCK2,AACTACGG,CTTGGTCATTTAGAGGAAGTAA,GCTGCGTTCTTCATCGATGC,L1,2,Bact,SY,Upland,Raw,Rawsoil,CK,0,SYURawCK2
SYURawCK3,AAGACGCG,CTTGGTCATTTAGAGGAAGTAA,GCTGCGTTCTTCATCGATGC,L1,3,Bact,SY,Upland,Raw,Rawsoil,CK,0,SYURawCK3
SYURawCK4,AAGGTAGC,CTTGGTCATTTAGAGGAAGTAA,GCTGCGTTCTTCATCGATGC,L1,4,Bact,SY,Upland,Raw,Rawsoil,CK,0,SYURawCK4
SYURawCK5,AATAATAC,CTTGGTCATTTAGAGGAAGTAA,GCTGCGTTCTTCATCGATGC,L1,5,Bact,SY,Upland,Raw,Rawsoil,CK,0,SYURawCK5
SYURawCK6,AATCTCCA,CTTGGTCATTTAGAGGAAGTAA,GCTGCGTTCTTCATCGATGC,L1,6,Bact,SY,Upland,Raw,Rawsoil,CK,0,SYURawCK6
SYURawL11,AATTCATT,CTTGGTCATTTAGAGGAAGTAA,GCTGCGTTCTTCATCGATGC,L1,7,Bact,SY,Upland,Raw,Rawsoil,Level1,694,SYURawL11
SYURawL12,ACGCAATG,CTTGGTCATTTAGAGGAAGTAA,GCTGCGTTCTTCATCGATGC,L1,8,Bact,SY,Upland,Raw,Rawsoil,Level1,694,SYURawL12
SYURawL13,ACTGCCAG,CTTGGTCATTTAGAGGAAGTAA,GCTGCGTTCTTCATCGATGC,L1,9,Bact,SY,Upland,Raw,Rawsoil,Level1,694,SYURawL13
SYURawL14,ACTTGGCC,CTTGGTCATTTAGAGGAAGTAA,GCTGCGTTCTTCATCGATGC,L1,10,Bact,SY,Upland,Raw,Rawsoil,Level1,694,SYURawL14
SYURawL15,AGCGAGTC,CTTGGTCATTTAGAGGAAGTAA,GCTGCGTTCTTCATCGATGC,L1,11,Bact,SY,Upland,Raw,Rawsoil,Level1,694,SYURawL15
SYURawL16,AGGATCAT,CTTGGTCATTTAGAGGAAGTAA,GCTGCGTTCTTCATCGATGC,L1,12,Bact,SY,Upland,Raw,Rawsoil,Level1,694,SYURawL16
SYURawL21,ATAACCTC,CTTGGTCATTTAGAGGAAGTAA,GCTGCGTTCTTCATCGATGC,L1,13,Bact,SY,Upland,Raw,Rawsoil,Level2,6940,SYURawL21
SYURawL22,ATAGATCT,CTTGGTCATTTAGAGGAAGTAA,GCTGCGTTCTTCATCGATGC,L1,14,Bact,SY,Upland,Raw,Rawsoil,Level2,6940,SYURawL22
SYURawL23,ATATTGAG,CTTGGTCATTTAGAGGAAGTAA,GCTGCGTTCTTCATCGATGC,L1,15,Bact,SY,Upland,Raw,Rawsoil,Level2,6940,SYURawL23
SYURawL24,ATTAGAGG,CTTGGTCATTTAGAGGAAGTAA,GCTGCGTTCTTCATCGATGC,L1,16,Bact,SY,Upland,Raw,Rawsoil,Level2,6940,SYURawL24
SYURawL25,CAGGACTT,CTTGGTCATTTAGAGGAAGTAA,GCTGCGTTCTTCATCGATGC,L1,17,Bact,SY,Upland,Raw,Rawsoil,Level2,6940,SYURawL25
SYURawL26,CATCCTGG,CTTGGTCATTTAGAGGAAGTAA,GCTGCGTTCTTCATCGATGC,L1,18,Bact,SY,Upland,Raw,Rawsoil,Level2,6940,SYURawL26
SYURawL31,CCAATTGC,CTTGGTCATTTAGAGGAAGTAA,GCTGCGTTCTTCATCGATGC,L1,19,Bact,SY,Upland,Raw,Rawsoil,Level3,69400,SYURawL31
SYURawL32,CCGCTGCT,CTTGGTCATTTAGAGGAAGTAA,GCTGCGTTCTTCATCGATGC,L1,20,Bact,SY,Upland,Raw,Rawsoil,Level3,69400,SYURawL32
SYURawL33,CGATATTG,CTTGGTCATTTAGAGGAAGTAA,GCTGCGTTCTTCATCGATGC,L1,21,Bact,SY,Upland,Raw,Rawsoil,Level3,69400,SYURawL33
SYURawL34,CTCCGATC,CTTGGTCATTTAGAGGAAGTAA,GCTGCGTTCTTCATCGATGC,L1,22,Bact,SY,Upland,Raw,Rawsoil,Level3,69400,SYURawL34
SYURawL35,CTCTCGGT,CTTGGTCATTTAGAGGAAGTAA,GCTGCGTTCTTCATCGATGC,L1,23,Bact,SY,Upland,Raw,Rawsoil,Level3,69400,SYURawL35
SYURawL36,GCAAGGTT,CTTGGTCATTTAGAGGAAGTAA,GCTGCGTTCTTCATCGATGC,L1,24,Bact,SY,Upland,Raw,Rawsoil,Level3,69400,SYURawL36
SYURawL41,GCGTATAT,CTTGGTCATTTAGAGGAAGTAA,GCTGCGTTCTTCATCGATGC,L1,25,Bact,SY,Upland,Raw,Rawsoil,Level4,694000,SYURawL41
SYURawL42,GGAGTCGG,CTTGGTCATTTAGAGGAAGTAA,GCTGCGTTCTTCATCGATGC,L1,26,Bact,SY,Upland,Raw,Rawsoil,Level4,694000,SYURawL42
SYURawL43,GGCCTTCC,CTTGGTCATTTAGAGGAAGTAA,GCTGCGTTCTTCATCGATGC,L1,27,Bact,SY,Upland,Raw,Rawsoil,Level4,694000,SYURawL43
SYURawL44,GGTTAAGC,CTTGGTCATTTAGAGGAAGTAA,GCTGCGTTCTTCATCGATGC,L1,28,Bact,SY,Upland,Raw,Rawsoil,Level4,694000,SYURawL44
SYURawL45,TAACGCTG,CTTGGTCATTTAGAGGAAGTAA,GCTGCGTTCTTCATCGATGC,L1,29,Bact,SY,Upland,Raw,Rawsoil,Level4,694000,SYURawL45
SYURawL46,TATGAACG,CTTGGTCATTTAGAGGAAGTAA,GCTGCGTTCTTCATCGATGC,L1,30,Bact,SY,Upland,Raw,Rawsoil,Level4,694000,SYURawL46
SYURawL51,TCCGGCGT,CTTGGTCATTTAGAGGAAGTAA,GCTGCGTTCTTCATCGATGC,L1,31,Bact,SY,Upland,Raw,Rawsoil,Level5,2080000,SYURawL51
SYURawL52,TCCTTAAC,CTTGGTCATTTAGAGGAAGTAA,GCTGCGTTCTTCATCGATGC,L1,32,Bact,SY,Upland,Raw,Rawsoil,Level5,2080000,SYURawL52
SYURawL53,TCTACTCT,CTTGGTCATTTAGAGGAAGTAA,GCTGCGTTCTTCATCGATGC,L1,33,Bact,SY,Upland,Raw,Rawsoil,Level5,2080000,SYURawL53
SYURawL54,TGAGCGAT,CTTGGTCATTTAGAGGAAGTAA,GCTGCGTTCTTCATCGATGC,L1,34,Bact,SY,Upland,Raw,Rawsoil,Level5,2080000,SYURawL54
SYURawL55,TTAAGTAA,CTTGGTCATTTAGAGGAAGTAA,GCTGCGTTCTTCATCGATGC,L1,35,Bact,SY,Upland,Raw,Rawsoil,Level5,2080000,SYURawL55
SYURawL56,TTACTAGT,CTTGGTCATTTAGAGGAAGTAA,GCTGCGTTCTTCATCGATGC,L1,36,Bact,SY,Upland,Raw,Rawsoil,Level5,2080000,SYURawL56
SYURawL61,TTCATCCG,CTTGGTCATTTAGAGGAAGTAA,GCTGCGTTCTTCATCGATGC,L1,37,Bact,SY,Upland,Raw,Rawsoil,Level6,6240000,SYURawL61
SYURawL62,TTGCAGAC,CTTGGTCATTTAGAGGAAGTAA,GCTGCGTTCTTCATCGATGC,L1,38,Bact,SY,Upland,Raw,Rawsoil,Level6,6240000,SYURawL62
SYURawL63,TTGGCTTG,CTTGGTCATTTAGAGGAAGTAA,GCTGCGTTCTTCATCGATGC,L1,39,Bact,SY,Upland,Raw,Rawsoil,Level6,6240000,SYURawL63
SYURawL64,CCATCCTT,CTTGGTCATTTAGAGGAAGTAA,GCTGCGTTCTTCATCGATGC,L1,40,Bact,SY,Upland,Raw,Rawsoil,Level6,6240000,SYURawL64
SYURawL65,AACGTTAC,CTTGGTCATTTAGAGGAAGTAA,GCTGCGTTCTTCATCGATGC,L1,41,Bact,SY,Upland,Raw,Rawsoil,Level6,6240000,SYURawL65
SYURawL66,AATTGCCG,CTTGGTCATTTAGAGGAAGTAA,GCTGCGTTCTTCATCGATGC,L1,42,Bact,SY,Upland,Raw,Rawsoil,Level6,6240000,SYURawL66
SYURawL81,TCTAGATT,CTTGGTCATTTAGAGGAAGTAA,GCTGCGTTCTTCATCGATGC,L1,49,Bact,SY,Upland,Raw,Rawsoil,Level8,56200000,SYURawL81
SYURawL82,TTACCAAC,CTTGGTCATTTAGAGGAAGTAA,GCTGCGTTCTTCATCGATGC,L1,50,Bact,SY,Upland,Raw,Rawsoil,Level8,56200000,SYURawL82
SYURawL83,TTCTTCTA,CTTGGTCATTTAGAGGAAGTAA,GCTGCGTTCTTCATCGATGC,L1,51,Bact,SY,Upland,Raw,Rawsoil,Level8,56200000,SYURawL83
SYURawL84,TTGAATGG,CTTGGTCATTTAGAGGAAGTAA,GCTGCGTTCTTCATCGATGC,L1,52,Bact,SY,Upland,Raw,Rawsoil,Level8,56200000,SYURawL84
SYURawL85,TAGAACAC,CTTGGTCATTTAGAGGAAGTAA,GCTGCGTTCTTCATCGATGC,L1,53,Bact,SY,Upland,Raw,Rawsoil,Level8,56200000,SYURawL85
SYURawL86,CGATGTTT,CTTGGTCATTTAGAGGAAGTAA,GCTGCGTTCTTCATCGATGC,L1,54,Bact,SY,Upland,Raw,Rawsoil,Level8,56200000,SYURawL86
SYURawL91,TGACAGAC,CTTGGTCATTTAGAGGAAGTAA,GCTGCGTTCTTCATCGATGC,L1,55,Bact,SY,Upland,Raw,Rawsoil,Level9,281000000,SYURawL91
SYURawL92,TGGTTGTT,CTTGGTCATTTAGAGGAAGTAA,GCTGCGTTCTTCATCGATGC,L1,56,Bact,SY,Upland,Raw,Rawsoil,Level9,281000000,SYURawL92
SYURawL93,TTGGTATG,CTTGGTCATTTAGAGGAAGTAA,GCTGCGTTCTTCATCGATGC,L1,57,Bact,SY,Upland,Raw,Rawsoil,Level9,281000000,SYURawL93
SYURawL94,TTGTTCCA,CTTGGTCATTTAGAGGAAGTAA,GCTGCGTTCTTCATCGATGC,L1,58,Bact,SY,Upland,Raw,Rawsoil,Level9,281000000,SYURawL94
SYURawL95,TTCTGTGT,CTTGGTCATTTAGAGGAAGTAA,GCTGCGTTCTTCATCGATGC,L1,59,Bact,SY,Upland,Raw,Rawsoil,Level9,281000000,SYURawL95
SYURawL96,TGCTGATA,CTTGGTCATTTAGAGGAAGTAA,GCTGCGTTCTTCATCGATGC,L1,60,Bact,SY,Upland,Raw,Rawsoil,Level9,281000000,SYURawL96
SYUD7CK1,AACCGGAT,CTTGGTCATTTAGAGGAAGTAA,GCTGCGTTCTTCATCGATGC,L2,1,Bact,SY,Upland,Day7,Straw,CK,0,SYUD7CK1
SYUD7CK2,AACTACGG,CTTGGTCATTTAGAGGAAGTAA,GCTGCGTTCTTCATCGATGC,L2,2,Bact,SY,Upland,Day7,Straw,CK,0,SYUD7CK2
SYUD7CK3,AAGACGCG,CTTGGTCATTTAGAGGAAGTAA,GCTGCGTTCTTCATCGATGC,L2,3,Bact,SY,Upland,Day7,Straw,CK,0,SYUD7CK3
SYUD7CK4,AAGGTAGC,CTTGGTCATTTAGAGGAAGTAA,GCTGCGTTCTTCATCGATGC,L2,4,Bact,SY,Upland,Day7,Straw,CK,0,SYUD7CK4
SYUD7CK5,AATAATAC,CTTGGTCATTTAGAGGAAGTAA,GCTGCGTTCTTCATCGATGC,L2,5,Bact,SY,Upland,Day7,Straw,CK,0,SYUD7CK5
SYUD7CK6,AATCTCCA,CTTGGTCATTTAGAGGAAGTAA,GCTGCGTTCTTCATCGATGC,L2,6,Bact,SY,Upland,Day7,Straw,CK,0,SYUD7CK6
SYUD7L11,AATTCATT,CTTGGTCATTTAGAGGAAGTAA,GCTGCGTTCTTCATCGATGC,L2,7,Bact,SY,Upland,Day7,Straw,Level1,694,SYUD7L11
SYUD7L12,ACGCAATG,CTTGGTCATTTAGAGGAAGTAA,GCTGCGTTCTTCATCGATGC,L2,8,Bact,SY,Upland,Day7,Straw,Level1,694,SYUD7L12
SYUD7L13,ACTGCCAG,CTTGGTCATTTAGAGGAAGTAA,GCTGCGTTCTTCATCGATGC,L2,9,Bact,SY,Upland,Day7,Straw,Level1,694,SYUD7L13
SYUD7L14,ACTTGGCC,CTTGGTCATTTAGAGGAAGTAA,GCTGCGTTCTTCATCGATGC,L2,10,Bact,SY,Upland,Day7,Straw,Level1,694,SYUD7L14
SYUD7L15,AGCGAGTC,CTTGGTCATTTAGAGGAAGTAA,GCTGCGTTCTTCATCGATGC,L2,11,Bact,SY,Upland,Day7,Straw,Level1,694,SYUD7L15
SYUD7L16,AGGATCAT,CTTGGTCATTTAGAGGAAGTAA,GCTGCGTTCTTCATCGATGC,L2,12,Bact,SY,Upland,Day7,Straw,Level1,694,SYUD7L16
SYUD7L21,ATAACCTC,CTTGGTCATTTAGAGGAAGTAA,GCTGCGTTCTTCATCGATGC,L2,13,Bact,SY,Upland,Day7,Straw,Level2,6940,SYUD7L21
SYUD7L22,ATAGATCT,CTTGGTCATTTAGAGGAAGTAA,GCTGCGTTCTTCATCGATGC,L2,14,Bact,SY,Upland,Day7,Straw,Level2,6940,SYUD7L22
SYUD7L23,ATATTGAG,CTTGGTCATTTAGAGGAAGTAA,GCTGCGTTCTTCATCGATGC,L2,15,Bact,SY,Upland,Day7,Straw,Level2,6940,SYUD7L23
SYUD7L24,ATTAGAGG,CTTGGTCATTTAGAGGAAGTAA,GCTGCGTTCTTCATCGATGC,L2,16,Bact,SY,Upland,Day7,Straw,Level2,6940,SYUD7L24
SYUD7L25,CAGGACTT,CTTGGTCATTTAGAGGAAGTAA,GCTGCGTTCTTCATCGATGC,L2,17,Bact,SY,Upland,Day7,Straw,Level2,6940,SYUD7L25
SYUD7L26,CATCCTGG,CTTGGTCATTTAGAGGAAGTAA,GCTGCGTTCTTCATCGATGC,L2,18,Bact,SY,Upland,Day7,Straw,Level2,6940,SYUD7L26
SYUD7L31,CCAATTGC,CTTGGTCATTTAGAGGAAGTAA,GCTGCGTTCTTCATCGATGC,L2,19,Bact,SY,Upland,Day7,Straw,Level3,69400,SYUD7L31
SYUD7L32,CCGCTGCT,CTTGGTCATTTAGAGGAAGTAA,GCTGCGTTCTTCATCGATGC,L2,20,Bact,SY,Upland,Day7,Straw,Level3,69400,SYUD7L32
SYUD7L33,CGATATTG,CTTGGTCATTTAGAGGAAGTAA,GCTGCGTTCTTCATCGATGC,L2,21,Bact,SY,Upland,Day7,Straw,Level3,69400,SYUD7L33
SYUD7L34,CTCCGATC,CTTGGTCATTTAGAGGAAGTAA,GCTGCGTTCTTCATCGATGC,L2,22,Bact,SY,Upland,Day7,Straw,Level3,69400,SYUD7L34
SYUD7L35,CTCTCGGT,CTTGGTCATTTAGAGGAAGTAA,GCTGCGTTCTTCATCGATGC,L2,23,Bact,SY,Upland,Day7,Straw,Level3,69400,SYUD7L35
SYUD7L36,GCAAGGTT,CTTGGTCATTTAGAGGAAGTAA,GCTGCGTTCTTCATCGATGC,L2,24,Bact,SY,Upland,Day7,Straw,Level3,69400,SYUD7L36
SYUD7L41,GCGTATAT,CTTGGTCATTTAGAGGAAGTAA,GCTGCGTTCTTCATCGATGC,L2,25,Bact,SY,Upland,Day7,Straw,Level4,694000,SYUD7L41
SYUD7L42,GGAGTCGG,CTTGGTCATTTAGAGGAAGTAA,GCTGCGTTCTTCATCGATGC,L2,26,Bact,SY,Upland,Day7,Straw,Level4,694000,SYUD7L42
SYUD7L43,GGCCTTCC,CTTGGTCATTTAGAGGAAGTAA,GCTGCGTTCTTCATCGATGC,L2,27,Bact,SY,Upland,Day7,Straw,Level4,694000,SYUD7L43
SYUD7L44,GGTTAAGC,CTTGGTCATTTAGAGGAAGTAA,GCTGCGTTCTTCATCGATGC,L2,28,Bact,SY,Upland,Day7,Straw,Level4,694000,SYUD7L44
SYUD7L45,TAACGCTG,CTTGGTCATTTAGAGGAAGTAA,GCTGCGTTCTTCATCGATGC,L2,29,Bact,SY,Upland,Day7,Straw,Level4,694000,SYUD7L45
SYUD7L46,TATGAACG,CTTGGTCATTTAGAGGAAGTAA,GCTGCGTTCTTCATCGATGC,L2,30,Bact,SY,Upland,Day7,Straw,Level4,694000,SYUD7L46
SYUD7L51,TCCGGCGT,CTTGGTCATTTAGAGGAAGTAA,GCTGCGTTCTTCATCGATGC,L2,31,Bact,SY,Upland,Day7,Straw,Level5,2080000,SYUD7L51
SYUD7L52,TCCTTAAC,CTTGGTCATTTAGAGGAAGTAA,GCTGCGTTCTTCATCGATGC,L2,32,Bact,SY,Upland,Day7,Straw,Level5,2080000,SYUD7L52
SYUD7L53,TCTACTCT,CTTGGTCATTTAGAGGAAGTAA,GCTGCGTTCTTCATCGATGC,L2,33,Bact,SY,Upland,Day7,Straw,Level5,2080000,SYUD7L53
SYUD7L54,TGAGCGAT,CTTGGTCATTTAGAGGAAGTAA,GCTGCGTTCTTCATCGATGC,L2,34,Bact,SY,Upland,Day7,Straw,Level5,2080000,SYUD7L54
SYUD7L55,TTAAGTAA,CTTGGTCATTTAGAGGAAGTAA,GCTGCGTTCTTCATCGATGC,L2,35,Bact,SY,Upland,Day7,Straw,Level5,2080000,SYUD7L55
SYUD7L56,TTACTAGT,CTTGGTCATTTAGAGGAAGTAA,GCTGCGTTCTTCATCGATGC,L2,36,Bact,SY,Upland,Day7,Straw,Level5,2080000,SYUD7L56
SYUD7L61,TTCATCCG,CTTGGTCATTTAGAGGAAGTAA,GCTGCGTTCTTCATCGATGC,L2,37,Bact,SY,Upland,Day7,Straw,Level6,6240000,SYUD7L61
SYUD7L62,TTGCAGAC,CTTGGTCATTTAGAGGAAGTAA,GCTGCGTTCTTCATCGATGC,L2,38,Bact,SY,Upland,Day7,Straw,Level6,6240000,SYUD7L62
SYUD7L63,TTGGCTTG,CTTGGTCATTTAGAGGAAGTAA,GCTGCGTTCTTCATCGATGC,L2,39,Bact,SY,Upland,Day7,Straw,Level6,6240000,SYUD7L63
SYUD7L64,CCATCCTT,CTTGGTCATTTAGAGGAAGTAA,GCTGCGTTCTTCATCGATGC,L2,40,Bact,SY,Upland,Day7,Straw,Level6,6240000,SYUD7L64
SYUD7L65,AACGTTAC,CTTGGTCATTTAGAGGAAGTAA,GCTGCGTTCTTCATCGATGC,L2,41,Bact,SY,Upland,Day7,Straw,Level6,6240000,SYUD7L65
SYUD7L66,AATTGCCG,CTTGGTCATTTAGAGGAAGTAA,GCTGCGTTCTTCATCGATGC,L2,42,Bact,SY,Upland,Day7,Straw,Level6,6240000,SYUD7L66
SYUD7L81,TCTAGATT,CTTGGTCATTTAGAGGAAGTAA,GCTGCGTTCTTCATCGATGC,L2,49,Bact,SY,Upland,Day7,Straw,Level8,56200000,SYUD7L81
SYUD7L82,TTACCAAC,CTTGGTCATTTAGAGGAAGTAA,GCTGCGTTCTTCATCGATGC,L2,50,Bact,SY,Upland,Day7,Straw,Level8,56200000,SYUD7L82
SYUD7L83,TTCTTCTA,CTTGGTCATTTAGAGGAAGTAA,GCTGCGTTCTTCATCGATGC,L2,51,Bact,SY,Upland,Day7,Straw,Level8,56200000,SYUD7L83
SYUD7L84,TTGAATGG,CTTGGTCATTTAGAGGAAGTAA,GCTGCGTTCTTCATCGATGC,L2,52,Bact,SY,Upland,Day7,Straw,Level8,56200000,SYUD7L84
SYUD7L85,TAGAACAC,CTTGGTCATTTAGAGGAAGTAA,GCTGCGTTCTTCATCGATGC,L2,53,Bact,SY,Upland,Day7,Straw,Level8,56200000,SYUD7L85
SYUD7L86,CGATGTTT,CTTGGTCATTTAGAGGAAGTAA,GCTGCGTTCTTCATCGATGC,L2,54,Bact,SY,Upland,Day7,Straw,Level8,56200000,SYUD7L86
SYUD7L91,TGACAGAC,CTTGGTCATTTAGAGGAAGTAA,GCTGCGTTCTTCATCGATGC,L2,55,Bact,SY,Upland,Day7,Straw,Level9,281000000,SYUD7L91
SYUD7L92,TGGTTGTT,CTTGGTCATTTAGAGGAAGTAA,GCTGCGTTCTTCATCGATGC,L2,56,Bact,SY,Upland,Day7,Straw,Level9,281000000,SYUD7L92
SYUD7L93,TTGGTATG,CTTGGTCATTTAGAGGAAGTAA,GCTGCGTTCTTCATCGATGC,L2,57,Bact,SY,Upland,Day7,Straw,Level9,281000000,SYUD7L93
SYUD7L94,TTGTTCCA,CTTGGTCATTTAGAGGAAGTAA,GCTGCGTTCTTCATCGATGC,L2,58,Bact,SY,Upland,Day7,Straw,Level9,281000000,SYUD7L94
SYUD7L95,TTCTGTGT,CTTGGTCATTTAGAGGAAGTAA,GCTGCGTTCTTCATCGATGC,L2,59,Bact,SY,Upland,Day7,Straw,Level9,281000000,SYUD7L95
SYUD7L96,TGCTGATA,CTTGGTCATTTAGAGGAAGTAA,GCTGCGTTCTTCATCGATGC,L2,60,Bact,SY,Upland,Day7,Straw,Level9,281000000,SYUD7L96
SYUD30CK1,AACCGGAT,CTTGGTCATTTAGAGGAAGTAA,GCTGCGTTCTTCATCGATGC,L3,1,Bact,SY,Upland,Day30,Straw,CK,0,SYUD30CK1
SYUD30CK2,AACTACGG,CTTGGTCATTTAGAGGAAGTAA,GCTGCGTTCTTCATCGATGC,L3,2,Bact,SY,Upland,Day30,Straw,CK,0,SYUD30CK2
SYUD30CK3,AAGACGCG,CTTGGTCATTTAGAGGAAGTAA,GCTGCGTTCTTCATCGATGC,L3,3,Bact,SY,Upland,Day30,Straw,CK,0,SYUD30CK3
SYUD30CK4,AAGGTAGC,CTTGGTCATTTAGAGGAAGTAA,GCTGCGTTCTTCATCGATGC,L3,4,Bact,SY,Upland,Day30,Straw,CK,0,SYUD30CK4
SYUD30CK5,AATAATAC,CTTGGTCATTTAGAGGAAGTAA,GCTGCGTTCTTCATCGATGC,L3,5,Bact,SY,Upland,Day30,Straw,CK,0,SYUD30CK5
SYUD30CK6,AATCTCCA,CTTGGTCATTTAGAGGAAGTAA,GCTGCGTTCTTCATCGATGC,L3,6,Bact,SY,Upland,Day30,Straw,CK,0,SYUD30CK6
SYUD30L11,AATTCATT,CTTGGTCATTTAGAGGAAGTAA,GCTGCGTTCTTCATCGATGC,L3,7,Bact,SY,Upland,Day30,Straw,Level1,694,SYUD30L11
SYUD30L12,ACGCAATG,CTTGGTCATTTAGAGGAAGTAA,GCTGCGTTCTTCATCGATGC,L3,8,Bact,SY,Upland,Day30,Straw,Level1,694,SYUD30L12
SYUD30L13,ACTGCCAG,CTTGGTCATTTAGAGGAAGTAA,GCTGCGTTCTTCATCGATGC,L3,9,Bact,SY,Upland,Day30,Straw,Level1,694,SYUD30L13
SYUD30L14,ACTTGGCC,CTTGGTCATTTAGAGGAAGTAA,GCTGCGTTCTTCATCGATGC,L3,10,Bact,SY,Upland,Day30,Straw,Level1,694,SYUD30L14
SYUD30L15,AGCGAGTC,CTTGGTCATTTAGAGGAAGTAA,GCTGCGTTCTTCATCGATGC,L3,11,Bact,SY,Upland,Day30,Straw,Level1,694,SYUD30L15
SYUD30L16,AGGATCAT,CTTGGTCATTTAGAGGAAGTAA,GCTGCGTTCTTCATCGATGC,L3,12,Bact,SY,Upland,Day30,Straw,Level1,694,SYUD30L16
SYUD30L21,ATAACCTC,CTTGGTCATTTAGAGGAAGTAA,GCTGCGTTCTTCATCGATGC,L3,13,Bact,SY,Upland,Day30,Straw,Level2,6940,SYUD30L21
SYUD30L22,ATAGATCT,CTTGGTCATTTAGAGGAAGTAA,GCTGCGTTCTTCATCGATGC,L3,14,Bact,SY,Upland,Day30,Straw,Level2,6940,SYUD30L22
SYUD30L23,ATATTGAG,CTTGGTCATTTAGAGGAAGTAA,GCTGCGTTCTTCATCGATGC,L3,15,Bact,SY,Upland,Day30,Straw,Level2,6940,SYUD30L23
SYUD30L24,ATTAGAGG,CTTGGTCATTTAGAGGAAGTAA,GCTGCGTTCTTCATCGATGC,L3,16,Bact,SY,Upland,Day30,Straw,Level2,6940,SYUD30L24
SYUD30L25,CAGGACTT,CTTGGTCATTTAGAGGAAGTAA,GCTGCGTTCTTCATCGATGC,L3,17,Bact,SY,Upland,Day30,Straw,Level2,6940,SYUD30L25
SYUD30L26,CATCCTGG,CTTGGTCATTTAGAGGAAGTAA,GCTGCGTTCTTCATCGATGC,L3,18,Bact,SY,Upland,Day30,Straw,Level2,6940,SYUD30L26
SYUD30L31,CCAATTGC,CTTGGTCATTTAGAGGAAGTAA,GCTGCGTTCTTCATCGATGC,L3,19,Bact,SY,Upland,Day30,Straw,Level3,69400,SYUD30L31
SYUD30L32,CCGCTGCT,CTTGGTCATTTAGAGGAAGTAA,GCTGCGTTCTTCATCGATGC,L3,20,Bact,SY,Upland,Day30,Straw,Level3,69400,SYUD30L32
SYUD30L33,CGATATTG,CTTGGTCATTTAGAGGAAGTAA,GCTGCGTTCTTCATCGATGC,L3,21,Bact,SY,Upland,Day30,Straw,Level3,69400,SYUD30L33
SYUD30L34,CTCCGATC,CTTGGTCATTTAGAGGAAGTAA,GCTGCGTTCTTCATCGATGC,L3,22,Bact,SY,Upland,Day30,Straw,Level3,69400,SYUD30L34
SYUD30L35,CTCTCGGT,CTTGGTCATTTAGAGGAAGTAA,GCTGCGTTCTTCATCGATGC,L3,23,Bact,SY,Upland,Day30,Straw,Level3,69400,SYUD30L35
SYUD30L36,GCAAGGTT,CTTGGTCATTTAGAGGAAGTAA,GCTGCGTTCTTCATCGATGC,L3,24,Bact,SY,Upland,Day30,Straw,Level3,69400,SYUD30L36
SYUD30L41,GCGTATAT,CTTGGTCATTTAGAGGAAGTAA,GCTGCGTTCTTCATCGATGC,L3,25,Bact,SY,Upland,Day30,Straw,Level4,694000,SYUD30L41
SYUD30L42,GGAGTCGG,CTTGGTCATTTAGAGGAAGTAA,GCTGCGTTCTTCATCGATGC,L3,26,Bact,SY,Upland,Day30,Straw,Level4,694000,SYUD30L42
SYUD30L43,GGCCTTCC,CTTGGTCATTTAGAGGAAGTAA,GCTGCGTTCTTCATCGATGC,L3,27,Bact,SY,Upland,Day30,Straw,Level4,694000,SYUD30L43
SYUD30L44,GGTTAAGC,CTTGGTCATTTAGAGGAAGTAA,GCTGCGTTCTTCATCGATGC,L3,28,Bact,SY,Upland,Day30,Straw,Level4,694000,SYUD30L44
SYUD30L45,TAACGCTG,CTTGGTCATTTAGAGGAAGTAA,GCTGCGTTCTTCATCGATGC,L3,29,Bact,SY,Upland,Day30,Straw,Level4,694000,SYUD30L45
SYUD30L46,TATGAACG,CTTGGTCATTTAGAGGAAGTAA,GCTGCGTTCTTCATCGATGC,L3,30,Bact,SY,Upland,Day30,Straw,Level4,694000,SYUD30L46
SYUD30L51,TCCGGCGT,CTTGGTCATTTAGAGGAAGTAA,GCTGCGTTCTTCATCGATGC,L3,31,Bact,SY,Upland,Day30,Straw,Level5,2080000,SYUD30L51
SYUD30L52,TCCTTAAC,CTTGGTCATTTAGAGGAAGTAA,GCTGCGTTCTTCATCGATGC,L3,32,Bact,SY,Upland,Day30,Straw,Level5,2080000,SYUD30L52
SYUD30L53,TCTACTCT,CTTGGTCATTTAGAGGAAGTAA,GCTGCGTTCTTCATCGATGC,L3,33,Bact,SY,Upland,Day30,Straw,Level5,2080000,SYUD30L53
SYUD30L54,TGAGCGAT,CTTGGTCATTTAGAGGAAGTAA,GCTGCGTTCTTCATCGATGC,L3,34,Bact,SY,Upland,Day30,Straw,Level5,2080000,SYUD30L54
SYUD30L55,TTAAGTAA,CTTGGTCATTTAGAGGAAGTAA,GCTGCGTTCTTCATCGATGC,L3,35,Bact,SY,Upland,Day30,Straw,Level5,2080000,SYUD30L55
SYUD30L56,TTACTAGT,CTTGGTCATTTAGAGGAAGTAA,GCTGCGTTCTTCATCGATGC,L3,36,Bact,SY,Upland,Day30,Straw,Level5,2080000,SYUD30L56
SYUD30L61,TTCATCCG,CTTGGTCATTTAGAGGAAGTAA,GCTGCGTTCTTCATCGATGC,L3,37,Bact,SY,Upland,Day30,Straw,Level6,6240000,SYUD30L61
SYUD30L62,TTGCAGAC,CTTGGTCATTTAGAGGAAGTAA,GCTGCGTTCTTCATCGATGC,L3,38,Bact,SY,Upland,Day30,Straw,Level6,6240000,SYUD30L62
SYUD30L63,TTGGCTTG,CTTGGTCATTTAGAGGAAGTAA,GCTGCGTTCTTCATCGATGC,L3,39,Bact,SY,Upland,Day30,Straw,Level6,6240000,SYUD30L63
SYUD30L64,CCATCCTT,CTTGGTCATTTAGAGGAAGTAA,GCTGCGTTCTTCATCGATGC,L3,40,Bact,SY,Upland,Day30,Straw,Level6,6240000,SYUD30L64
SYUD30L65,AACGTTAC,CTTGGTCATTTAGAGGAAGTAA,GCTGCGTTCTTCATCGATGC,L3,41,Bact,SY,Upland,Day30,Straw,Level6,6240000,SYUD30L65
SYUD30L66,AATTGCCG,CTTGGTCATTTAGAGGAAGTAA,GCTGCGTTCTTCATCGATGC,L3,42,Bact,SY,Upland,Day30,Straw,Level6,6240000,SYUD30L66
SYUD30L81,TCTAGATT,CTTGGTCATTTAGAGGAAGTAA,GCTGCGTTCTTCATCGATGC,L3,49,Bact,SY,Upland,Day30,Straw,Level8,56200000,SYUD30L81
SYUD30L82,TTACCAAC,CTTGGTCATTTAGAGGAAGTAA,GCTGCGTTCTTCATCGATGC,L3,50,Bact,SY,Upland,Day30,Straw,Level8,56200000,SYUD30L82
SYUD30L83,TTCTTCTA,CTTGGTCATTTAGAGGAAGTAA,GCTGCGTTCTTCATCGATGC,L3,51,Bact,SY,Upland,Day30,Straw,Level8,56200000,SYUD30L83
SYUD30L84,TTGAATGG,CTTGGTCATTTAGAGGAAGTAA,GCTGCGTTCTTCATCGATGC,L3,52,Bact,SY,Upland,Day30,Straw,Level8,56200000,SYUD30L84
SYUD30L85,TAGAACAC,CTTGGTCATTTAGAGGAAGTAA,GCTGCGTTCTTCATCGATGC,L3,53,Bact,SY,Upland,Day30,Straw,Level8,56200000,SYUD30L85
SYUD30L86,CGATGTTT,CTTGGTCATTTAGAGGAAGTAA,GCTGCGTTCTTCATCGATGC,L3,54,Bact,SY,Upland,Day30,Straw,Level8,56200000,SYUD30L86
SYUD30L91,TGACAGAC,CTTGGTCATTTAGAGGAAGTAA,GCTGCGTTCTTCATCGATGC,L3,55,Bact,SY,Upland,Day30,Straw,Level9,281000000,SYUD30L91
SYUD30L92,TGGTTGTT,CTTGGTCATTTAGAGGAAGTAA,GCTGCGTTCTTCATCGATGC,L3,56,Bact,SY,Upland,Day30,Straw,Level9,281000000,SYUD30L92
SYUD30L93,TTGGTATG,CTTGGTCATTTAGAGGAAGTAA,GCTGCGTTCTTCATCGATGC,L3,57,Bact,SY,Upland,Day30,Straw,Level9,281000000,SYUD30L93
SYUD30L94,TTGTTCCA,CTTGGTCATTTAGAGGAAGTAA,GCTGCGTTCTTCATCGATGC,L3,58,Bact,SY,Upland,Day30,Straw,Level9,281000000,SYUD30L94
SYUD30L95,TTCTGTGT,CTTGGTCATTTAGAGGAAGTAA,GCTGCGTTCTTCATCGATGC,L3,59,Bact,SY,Upland,Day30,Straw,Level9,281000000,SYUD30L95
SYUD30L96,TGCTGATA,CTTGGTCATTTAGAGGAAGTAA,GCTGCGTTCTTCATCGATGC,L3,60,Bact,SY,Upland,Day30,Straw,Level9,281000000,SYUD30L96
HLPRawCK1,AACCGGAT,CTTGGTCATTTAGAGGAAGTAA,GCTGCGTTCTTCATCGATGC,L4,1,Bact,HL,Paddy,Raw,Rawsoil,CK,0,HLPRawCK1
HLPRawCK2,AACTACGG,CTTGGTCATTTAGAGGAAGTAA,GCTGCGTTCTTCATCGATGC,L4,2,Bact,HL,Paddy,Raw,Rawsoil,CK,0,HLPRawCK2
HLPRawCK3,AAGACGCG,CTTGGTCATTTAGAGGAAGTAA,GCTGCGTTCTTCATCGATGC,L4,3,Bact,HL,Paddy,Raw,Rawsoil,CK,0,HLPRawCK3
HLPRawCK4,AAGGTAGC,CTTGGTCATTTAGAGGAAGTAA,GCTGCGTTCTTCATCGATGC,L4,4,Bact,HL,Paddy,Raw,Rawsoil,CK,0,HLPRawCK4
HLPRawCK5,AATAATAC,CTTGGTCATTTAGAGGAAGTAA,GCTGCGTTCTTCATCGATGC,L4,5,Bact,HL,Paddy,Raw,Rawsoil,CK,0,HLPRawCK5
HLPRawCK6,AATCTCCA,CTTGGTCATTTAGAGGAAGTAA,GCTGCGTTCTTCATCGATGC,L4,6,Bact,HL,Paddy,Raw,Rawsoil,CK,0,HLPRawCK6
HLPRawL11,AATTCATT,CTTGGTCATTTAGAGGAAGTAA,GCTGCGTTCTTCATCGATGC,L4,7,Bact,HL,Paddy,Raw,Rawsoil,Level1,694,HLPRawL11
HLPRawL12,ACGCAATG,CTTGGTCATTTAGAGGAAGTAA,GCTGCGTTCTTCATCGATGC,L4,8,Bact,HL,Paddy,Raw,Rawsoil,Level1,694,HLPRawL12
HLPRawL13,ACTGCCAG,CTTGGTCATTTAGAGGAAGTAA,GCTGCGTTCTTCATCGATGC,L4,9,Bact,HL,Paddy,Raw,Rawsoil,Level1,694,HLPRawL13
HLPRawL14,ACTTGGCC,CTTGGTCATTTAGAGGAAGTAA,GCTGCGTTCTTCATCGATGC,L4,10,Bact,HL,Paddy,Raw,Rawsoil,Level1,694,HLPRawL14
HLPRawL15,AGCGAGTC,CTTGGTCATTTAGAGGAAGTAA,GCTGCGTTCTTCATCGATGC,L4,11,Bact,HL,Paddy,Raw,Rawsoil,Level1,694,HLPRawL15
HLPRawL16,AGGATCAT,CTTGGTCATTTAGAGGAAGTAA,GCTGCGTTCTTCATCGATGC,L4,12,Bact,HL,Paddy,Raw,Rawsoil,Level1,694,HLPRawL16
HLPRawL21,ATAACCTC,CTTGGTCATTTAGAGGAAGTAA,GCTGCGTTCTTCATCGATGC,L4,13,Bact,HL,Paddy,Raw,Rawsoil,Level2,6940,HLPRawL21
HLPRawL22,ATAGATCT,CTTGGTCATTTAGAGGAAGTAA,GCTGCGTTCTTCATCGATGC,L4,14,Bact,HL,Paddy,Raw,Rawsoil,Level2,6940,HLPRawL22
HLPRawL23,ATATTGAG,CTTGGTCATTTAGAGGAAGTAA,GCTGCGTTCTTCATCGATGC,L4,15,Bact,HL,Paddy,Raw,Rawsoil,Level2,6940,HLPRawL23
HLPRawL24,ATTAGAGG,CTTGGTCATTTAGAGGAAGTAA,GCTGCGTTCTTCATCGATGC,L4,16,Bact,HL,Paddy,Raw,Rawsoil,Level2,6940,HLPRawL24
HLPRawL25,CAGGACTT,CTTGGTCATTTAGAGGAAGTAA,GCTGCGTTCTTCATCGATGC,L4,17,Bact,HL,Paddy,Raw,Rawsoil,Level2,6940,HLPRawL25
HLPRawL26,CATCCTGG,CTTGGTCATTTAGAGGAAGTAA,GCTGCGTTCTTCATCGATGC,L4,18,Bact,HL,Paddy,Raw,Rawsoil,Level2,6940,HLPRawL26
HLPRawL31,CCAATTGC,CTTGGTCATTTAGAGGAAGTAA,GCTGCGTTCTTCATCGATGC,L4,19,Bact,HL,Paddy,Raw,Rawsoil,Level3,69400,HLPRawL31
HLPRawL32,CCGCTGCT,CTTGGTCATTTAGAGGAAGTAA,GCTGCGTTCTTCATCGATGC,L4,20,Bact,HL,Paddy,Raw,Rawsoil,Level3,69400,HLPRawL32
HLPRawL33,CGATATTG,CTTGGTCATTTAGAGGAAGTAA,GCTGCGTTCTTCATCGATGC,L4,21,Bact,HL,Paddy,Raw,Rawsoil,Level3,69400,HLPRawL33
HLPRawL34,CTCCGATC,CTTGGTCATTTAGAGGAAGTAA,GCTGCGTTCTTCATCGATGC,L4,22,Bact,HL,Paddy,Raw,Rawsoil,Level3,69400,HLPRawL34
HLPRawL35,CTCTCGGT,CTTGGTCATTTAGAGGAAGTAA,GCTGCGTTCTTCATCGATGC,L4,23,Bact,HL,Paddy,Raw,Rawsoil,Level3,69400,HLPRawL35
HLPRawL36,GCAAGGTT,CTTGGTCATTTAGAGGAAGTAA,GCTGCGTTCTTCATCGATGC,L4,24,Bact,HL,Paddy,Raw,Rawsoil,Level3,69400,HLPRawL36
HLPRawL41,GCGTATAT,CTTGGTCATTTAGAGGAAGTAA,GCTGCGTTCTTCATCGATGC,L4,25,Bact,HL,Paddy,Raw,Rawsoil,Level4,694000,HLPRawL41
HLPRawL42,GGAGTCGG,CTTGGTCATTTAGAGGAAGTAA,GCTGCGTTCTTCATCGATGC,L4,26,Bact,HL,Paddy,Raw,Rawsoil,Level4,694000,HLPRawL42
HLPRawL43,GGCCTTCC,CTTGGTCATTTAGAGGAAGTAA,GCTGCGTTCTTCATCGATGC,L4,27,Bact,HL,Paddy,Raw,Rawsoil,Level4,694000,HLPRawL43
HLPRawL44,GGTTAAGC,CTTGGTCATTTAGAGGAAGTAA,GCTGCGTTCTTCATCGATGC,L4,28,Bact,HL,Paddy,Raw,Rawsoil,Level4,694000,HLPRawL44
HLPRawL45,TAACGCTG,CTTGGTCATTTAGAGGAAGTAA,GCTGCGTTCTTCATCGATGC,L4,29,Bact,HL,Paddy,Raw,Rawsoil,Level4,694000,HLPRawL45
HLPRawL46,TATGAACG,CTTGGTCATTTAGAGGAAGTAA,GCTGCGTTCTTCATCGATGC,L4,30,Bact,HL,Paddy,Raw,Rawsoil,Level4,694000,HLPRawL46
HLPRawL51,TCCGGCGT,CTTGGTCATTTAGAGGAAGTAA,GCTGCGTTCTTCATCGATGC,L4,31,Bact,HL,Paddy,Raw,Rawsoil,Level5,2080000,HLPRawL51
HLPRawL52,TCCTTAAC,CTTGGTCATTTAGAGGAAGTAA,GCTGCGTTCTTCATCGATGC,L4,32,Bact,HL,Paddy,Raw,Rawsoil,Level5,2080000,HLPRawL52
HLPRawL53,TCTACTCT,CTTGGTCATTTAGAGGAAGTAA,GCTGCGTTCTTCATCGATGC,L4,33,Bact,HL,Paddy,Raw,Rawsoil,Level5,2080000,HLPRawL53
HLPRawL54,TGAGCGAT,CTTGGTCATTTAGAGGAAGTAA,GCTGCGTTCTTCATCGATGC,L4,34,Bact,HL,Paddy,Raw,Rawsoil,Level5,2080000,HLPRawL54
HLPRawL55,TTAAGTAA,CTTGGTCATTTAGAGGAAGTAA,GCTGCGTTCTTCATCGATGC,L4,35,Bact,HL,Paddy,Raw,Rawsoil,Level5,2080000,HLPRawL55
HLPRawL56,TTACTAGT,CTTGGTCATTTAGAGGAAGTAA,GCTGCGTTCTTCATCGATGC,L4,36,Bact,HL,Paddy,Raw,Rawsoil,Level5,2080000,HLPRawL56
HLPRawL61,TTCATCCG,CTTGGTCATTTAGAGGAAGTAA,GCTGCGTTCTTCATCGATGC,L4,37,Bact,HL,Paddy,Raw,Rawsoil,Level6,6240000,HLPRawL61
HLPRawL62,TTGCAGAC,CTTGGTCATTTAGAGGAAGTAA,GCTGCGTTCTTCATCGATGC,L4,38,Bact,HL,Paddy,Raw,Rawsoil,Level6,6240000,HLPRawL62
HLPRawL63,TTGGCTTG,CTTGGTCATTTAGAGGAAGTAA,GCTGCGTTCTTCATCGATGC,L4,39,Bact,HL,Paddy,Raw,Rawsoil,Level6,6240000,HLPRawL63
HLPRawL64,CCATCCTT,CTTGGTCATTTAGAGGAAGTAA,GCTGCGTTCTTCATCGATGC,L4,40,Bact,HL,Paddy,Raw,Rawsoil,Level6,6240000,HLPRawL64
HLPRawL65,AACGTTAC,CTTGGTCATTTAGAGGAAGTAA,GCTGCGTTCTTCATCGATGC,L4,41,Bact,HL,Paddy,Raw,Rawsoil,Level6,6240000,HLPRawL65
HLPRawL66,AATTGCCG,CTTGGTCATTTAGAGGAAGTAA,GCTGCGTTCTTCATCGATGC,L4,42,Bact,HL,Paddy,Raw,Rawsoil,Level6,6240000,HLPRawL66
HLPRawL81,TCTAGATT,CTTGGTCATTTAGAGGAAGTAA,GCTGCGTTCTTCATCGATGC,L4,49,Bact,HL,Paddy,Raw,Rawsoil,Level8,56200000,HLPRawL81
HLPRawL82,TTACCAAC,CTTGGTCATTTAGAGGAAGTAA,GCTGCGTTCTTCATCGATGC,L4,50,Bact,HL,Paddy,Raw,Rawsoil,Level8,56200000,HLPRawL82
HLPRawL83,TTCTTCTA,CTTGGTCATTTAGAGGAAGTAA,GCTGCGTTCTTCATCGATGC,L4,51,Bact,HL,Paddy,Raw,Rawsoil,Level8,56200000,HLPRawL83
HLPRawL84,TTGAATGG,CTTGGTCATTTAGAGGAAGTAA,GCTGCGTTCTTCATCGATGC,L4,52,Bact,HL,Paddy,Raw,Rawsoil,Level8,56200000,HLPRawL84
HLPRawL85,TAGAACAC,CTTGGTCATTTAGAGGAAGTAA,GCTGCGTTCTTCATCGATGC,L4,53,Bact,HL,Paddy,Raw,Rawsoil,Level8,56200000,HLPRawL85
HLPRawL86,CGATGTTT,CTTGGTCATTTAGAGGAAGTAA,GCTGCGTTCTTCATCGATGC,L4,54,Bact,HL,Paddy,Raw,Rawsoil,Level8,56200000,HLPRawL86
HLPRawL91,TGACAGAC,CTTGGTCATTTAGAGGAAGTAA,GCTGCGTTCTTCATCGATGC,L4,55,Bact,HL,Paddy,Raw,Rawsoil,Level9,281000000,HLPRawL91
HLPRawL92,TGGTTGTT,CTTGGTCATTTAGAGGAAGTAA,GCTGCGTTCTTCATCGATGC,L4,56,Bact,HL,Paddy,Raw,Rawsoil,Level9,281000000,HLPRawL92
HLPRawL93,TTGGTATG,CTTGGTCATTTAGAGGAAGTAA,GCTGCGTTCTTCATCGATGC,L4,57,Bact,HL,Paddy,Raw,Rawsoil,Level9,281000000,HLPRawL93
HLPRawL94,TTGTTCCA,CTTGGTCATTTAGAGGAAGTAA,GCTGCGTTCTTCATCGATGC,L4,58,Bact,HL,Paddy,Raw,Rawsoil,Level9,281000000,HLPRawL94
HLPRawL95,TTCTGTGT,CTTGGTCATTTAGAGGAAGTAA,GCTGCGTTCTTCATCGATGC,L4,59,Bact,HL,Paddy,Raw,Rawsoil,Level9,281000000,HLPRawL95
HLPRawL96,TGCTGATA,CTTGGTCATTTAGAGGAAGTAA,GCTGCGTTCTTCATCGATGC,L4,60,Bact,HL,Paddy,Raw,Rawsoil,Level9,281000000,HLPRawL96
HLPD7CK1,AACCGGAT,CTTGGTCATTTAGAGGAAGTAA,GCTGCGTTCTTCATCGATGC,L5,1,Bact,HL,Paddy,Day7,Straw,CK,0,HLPD7CK1
HLPD7CK2,AACTACGG,CTTGGTCATTTAGAGGAAGTAA,GCTGCGTTCTTCATCGATGC,L5,2,Bact,HL,Paddy,Day7,Straw,CK,0,HLPD7CK2
HLPD7CK3,AAGACGCG,CTTGGTCATTTAGAGGAAGTAA,GCTGCGTTCTTCATCGATGC,L5,3,Bact,HL,Paddy,Day7,Straw,CK,0,HLPD7CK3
HLPD7CK4,AAGGTAGC,CTTGGTCATTTAGAGGAAGTAA,GCTGCGTTCTTCATCGATGC,L5,4,Bact,HL,Paddy,Day7,Straw,CK,0,HLPD7CK4
HLPD7CK5,AATAATAC,CTTGGTCATTTAGAGGAAGTAA,GCTGCGTTCTTCATCGATGC,L5,5,Bact,HL,Paddy,Day7,Straw,CK,0,HLPD7CK5
HLPD7CK6,AATCTCCA,CTTGGTCATTTAGAGGAAGTAA,GCTGCGTTCTTCATCGATGC,L5,6,Bact,HL,Paddy,Day7,Straw,CK,0,HLPD7CK6
HLPD7L11,AATTCATT,CTTGGTCATTTAGAGGAAGTAA,GCTGCGTTCTTCATCGATGC,L5,7,Bact,HL,Paddy,Day7,Straw,Level1,694,HLPD7L11
HLPD7L12,ACGCAATG,CTTGGTCATTTAGAGGAAGTAA,GCTGCGTTCTTCATCGATGC,L5,8,Bact,HL,Paddy,Day7,Straw,Level1,694,HLPD7L12
HLPD7L13,ACTGCCAG,CTTGGTCATTTAGAGGAAGTAA,GCTGCGTTCTTCATCGATGC,L5,9,Bact,HL,Paddy,Day7,Straw,Level1,694,HLPD7L13
HLPD7L14,ACTTGGCC,CTTGGTCATTTAGAGGAAGTAA,GCTGCGTTCTTCATCGATGC,L5,10,Bact,HL,Paddy,Day7,Straw,Level1,694,HLPD7L14
HLPD7L15,AGCGAGTC,CTTGGTCATTTAGAGGAAGTAA,GCTGCGTTCTTCATCGATGC,L5,11,Bact,HL,Paddy,Day7,Straw,Level1,694,HLPD7L15
HLPD7L16,AGGATCAT,CTTGGTCATTTAGAGGAAGTAA,GCTGCGTTCTTCATCGATGC,L5,12,Bact,HL,Paddy,Day7,Straw,Level1,694,HLPD7L16
HLPD7L21,ATAACCTC,CTTGGTCATTTAGAGGAAGTAA,GCTGCGTTCTTCATCGATGC,L5,13,Bact,HL,Paddy,Day7,Straw,Level2,6940,HLPD7L21
HLPD7L22,ATAGATCT,CTTGGTCATTTAGAGGAAGTAA,GCTGCGTTCTTCATCGATGC,L5,14,Bact,HL,Paddy,Day7,Straw,Level2,6940,HLPD7L22
HLPD7L23,ATATTGAG,CTTGGTCATTTAGAGGAAGTAA,GCTGCGTTCTTCATCGATGC,L5,15,Bact,HL,Paddy,Day7,Straw,Level2,6940,HLPD7L23
HLPD7L24,ATTAGAGG,CTTGGTCATTTAGAGGAAGTAA,GCTGCGTTCTTCATCGATGC,L5,16,Bact,HL,Paddy,Day7,Straw,Level2,6940,HLPD7L24
HLPD7L25,CAGGACTT,CTTGGTCATTTAGAGGAAGTAA,GCTGCGTTCTTCATCGATGC,L5,17,Bact,HL,Paddy,Day7,Straw,Level2,6940,HLPD7L25
HLPD7L26,CATCCTGG,CTTGGTCATTTAGAGGAAGTAA,GCTGCGTTCTTCATCGATGC,L5,18,Bact,HL,Paddy,Day7,Straw,Level2,6940,HLPD7L26
HLPD7L31,CCAATTGC,CTTGGTCATTTAGAGGAAGTAA,GCTGCGTTCTTCATCGATGC,L5,19,Bact,HL,Paddy,Day7,Straw,Level3,69400,HLPD7L31
HLPD7L32,CCGCTGCT,CTTGGTCATTTAGAGGAAGTAA,GCTGCGTTCTTCATCGATGC,L5,20,Bact,HL,Paddy,Day7,Straw,Level3,69400,HLPD7L32
HLPD7L33,CGATATTG,CTTGGTCATTTAGAGGAAGTAA,GCTGCGTTCTTCATCGATGC,L5,21,Bact,HL,Paddy,Day7,Straw,Level3,69400,HLPD7L33
HLPD7L34,CTCCGATC,CTTGGTCATTTAGAGGAAGTAA,GCTGCGTTCTTCATCGATGC,L5,22,Bact,HL,Paddy,Day7,Straw,Level3,69400,HLPD7L34
HLPD7L35,CTCTCGGT,CTTGGTCATTTAGAGGAAGTAA,GCTGCGTTCTTCATCGATGC,L5,23,Bact,HL,Paddy,Day7,Straw,Level3,69400,HLPD7L35
HLPD7L36,GCAAGGTT,CTTGGTCATTTAGAGGAAGTAA,GCTGCGTTCTTCATCGATGC,L5,24,Bact,HL,Paddy,Day7,Straw,Level3,69400,HLPD7L36
HLPD7L41,GCGTATAT,CTTGGTCATTTAGAGGAAGTAA,GCTGCGTTCTTCATCGATGC,L5,25,Bact,HL,Paddy,Day7,Straw,Level4,694000,HLPD7L41
HLPD7L42,GGAGTCGG,CTTGGTCATTTAGAGGAAGTAA,GCTGCGTTCTTCATCGATGC,L5,26,Bact,HL,Paddy,Day7,Straw,Level4,694000,HLPD7L42
HLPD7L43,GGCCTTCC,CTTGGTCATTTAGAGGAAGTAA,GCTGCGTTCTTCATCGATGC,L5,27,Bact,HL,Paddy,Day7,Straw,Level4,694000,HLPD7L43
HLPD7L44,GGTTAAGC,CTTGGTCATTTAGAGGAAGTAA,GCTGCGTTCTTCATCGATGC,L5,28,Bact,HL,Paddy,Day7,Straw,Level4,694000,HLPD7L44
HLPD7L45,TAACGCTG,CTTGGTCATTTAGAGGAAGTAA,GCTGCGTTCTTCATCGATGC,L5,29,Bact,HL,Paddy,Day7,Straw,Level4,694000,HLPD7L45
HLPD7L46,TATGAACG,CTTGGTCATTTAGAGGAAGTAA,GCTGCGTTCTTCATCGATGC,L5,30,Bact,HL,Paddy,Day7,Straw,Level4,694000,HLPD7L46
HLPD7L51,TCCGGCGT,CTTGGTCATTTAGAGGAAGTAA,GCTGCGTTCTTCATCGATGC,L5,31,Bact,HL,Paddy,Day7,Straw,Level5,2080000,HLPD7L51
HLPD7L52,TCCTTAAC,CTTGGTCATTTAGAGGAAGTAA,GCTGCGTTCTTCATCGATGC,L5,32,Bact,HL,Paddy,Day7,Straw,Level5,2080000,HLPD7L52
HLPD7L53,TCTACTCT,CTTGGTCATTTAGAGGAAGTAA,GCTGCGTTCTTCATCGATGC,L5,33,Bact,HL,Paddy,Day7,Straw,Level5,2080000,HLPD7L53
HLPD7L54,TGAGCGAT,CTTGGTCATTTAGAGGAAGTAA,GCTGCGTTCTTCATCGATGC,L5,34,Bact,HL,Paddy,Day7,Straw,Level5,2080000,HLPD7L54
HLPD7L55,TTAAGTAA,CTTGGTCATTTAGAGGAAGTAA,GCTGCGTTCTTCATCGATGC,L5,35,Bact,HL,Paddy,Day7,Straw,Level5,2080000,HLPD7L55
HLPD7L56,TTACTAGT,CTTGGTCATTTAGAGGAAGTAA,GCTGCGTTCTTCATCGATGC,L5,36,Bact,HL,Paddy,Day7,Straw,Level5,2080000,HLPD7L56
HLPD7L61,TTCATCCG,CTTGGTCATTTAGAGGAAGTAA,GCTGCGTTCTTCATCGATGC,L5,37,Bact,HL,Paddy,Day7,Straw,Level6,6240000,HLPD7L61
HLPD7L62,TTGCAGAC,CTTGGTCATTTAGAGGAAGTAA,GCTGCGTTCTTCATCGATGC,L5,38,Bact,HL,Paddy,Day7,Straw,Level6,6240000,HLPD7L62
HLPD7L63,TTGGCTTG,CTTGGTCATTTAGAGGAAGTAA,GCTGCGTTCTTCATCGATGC,L5,39,Bact,HL,Paddy,Day7,Straw,Level6,6240000,HLPD7L63
HLPD7L64,CCATCCTT,CTTGGTCATTTAGAGGAAGTAA,GCTGCGTTCTTCATCGATGC,L5,40,Bact,HL,Paddy,Day7,Straw,Level6,6240000,HLPD7L64
HLPD7L65,AACGTTAC,CTTGGTCATTTAGAGGAAGTAA,GCTGCGTTCTTCATCGATGC,L5,41,Bact,HL,Paddy,Day7,Straw,Level6,6240000,HLPD7L65
HLPD7L66,AATTGCCG,CTTGGTCATTTAGAGGAAGTAA,GCTGCGTTCTTCATCGATGC,L5,42,Bact,HL,Paddy,Day7,Straw,Level6,6240000,HLPD7L66
HLPD7L81,TCTAGATT,CTTGGTCATTTAGAGGAAGTAA,GCTGCGTTCTTCATCGATGC,L5,49,Bact,HL,Paddy,Day7,Straw,Level8,56200000,HLPD7L81
HLPD7L82,TTACCAAC,CTTGGTCATTTAGAGGAAGTAA,GCTGCGTTCTTCATCGATGC,L5,50,Bact,HL,Paddy,Day7,Straw,Level8,56200000,HLPD7L82
HLPD7L83,TTCTTCTA,CTTGGTCATTTAGAGGAAGTAA,GCTGCGTTCTTCATCGATGC,L5,51,Bact,HL,Paddy,Day7,Straw,Level8,56200000,HLPD7L83
HLPD7L84,TTGAATGG,CTTGGTCATTTAGAGGAAGTAA,GCTGCGTTCTTCATCGATGC,L5,52,Bact,HL,Paddy,Day7,Straw,Level8,56200000,HLPD7L84
HLPD7L85,TAGAACAC,CTTGGTCATTTAGAGGAAGTAA,GCTGCGTTCTTCATCGATGC,L5,53,Bact,HL,Paddy,Day7,Straw,Level8,56200000,HLPD7L85
HLPD7L86,CGATGTTT,CTTGGTCATTTAGAGGAAGTAA,GCTGCGTTCTTCATCGATGC,L5,54,Bact,HL,Paddy,Day7,Straw,Level8,56200000,HLPD7L86
HLPD7L91,TGACAGAC,CTTGGTCATTTAGAGGAAGTAA,GCTGCGTTCTTCATCGATGC,L5,55,Bact,HL,Paddy,Day7,Straw,Level9,281000000,HLPD7L91
HLPD7L92,TGGTTGTT,CTTGGTCATTTAGAGGAAGTAA,GCTGCGTTCTTCATCGATGC,L5,56,Bact,HL,Paddy,Day7,Straw,Level9,281000000,HLPD7L92
HLPD7L93,TTGGTATG,CTTGGTCATTTAGAGGAAGTAA,GCTGCGTTCTTCATCGATGC,L5,57,Bact,HL,Paddy,Day7,Straw,Level9,281000000,HLPD7L93
HLPD7L94,TTGTTCCA,CTTGGTCATTTAGAGGAAGTAA,GCTGCGTTCTTCATCGATGC,L5,58,Bact,HL,Paddy,Day7,Straw,Level9,281000000,HLPD7L94
HLPD7L95,TTCTGTGT,CTTGGTCATTTAGAGGAAGTAA,GCTGCGTTCTTCATCGATGC,L5,59,Bact,HL,Paddy,Day7,Straw,Level9,281000000,HLPD7L95
HLPD7L96,TGCTGATA,CTTGGTCATTTAGAGGAAGTAA,GCTGCGTTCTTCATCGATGC,L5,60,Bact,HL,Paddy,Day7,Straw,Level9,281000000,HLPD7L96
HLPD30CK1,AACCGGAT,CTTGGTCATTTAGAGGAAGTAA,GCTGCGTTCTTCATCGATGC,L6,1,Bact,HL,Paddy,Day30,Straw,CK,0,HLPD30CK1
HLPD30CK2,AACTACGG,CTTGGTCATTTAGAGGAAGTAA,GCTGCGTTCTTCATCGATGC,L6,2,Bact,HL,Paddy,Day30,Straw,CK,0,HLPD30CK2
HLPD30CK3,AAGACGCG,CTTGGTCATTTAGAGGAAGTAA,GCTGCGTTCTTCATCGATGC,L6,3,Bact,HL,Paddy,Day30,Straw,CK,0,HLPD30CK3
HLPD30CK4,AAGGTAGC,CTTGGTCATTTAGAGGAAGTAA,GCTGCGTTCTTCATCGATGC,L6,4,Bact,HL,Paddy,Day30,Straw,CK,0,HLPD30CK4
HLPD30CK5,AATAATAC,CTTGGTCATTTAGAGGAAGTAA,GCTGCGTTCTTCATCGATGC,L6,5,Bact,HL,Paddy,Day30,Straw,CK,0,HLPD30CK5
HLPD30CK6,AATCTCCA,CTTGGTCATTTAGAGGAAGTAA,GCTGCGTTCTTCATCGATGC,L6,6,Bact,HL,Paddy,Day30,Straw,CK,0,HLPD30CK6
HLPD30L11,AATTCATT,CTTGGTCATTTAGAGGAAGTAA,GCTGCGTTCTTCATCGATGC,L6,7,Bact,HL,Paddy,Day30,Straw,Level1,694,HLPD30L11
HLPD30L12,ACGCAATG,CTTGGTCATTTAGAGGAAGTAA,GCTGCGTTCTTCATCGATGC,L6,8,Bact,HL,Paddy,Day30,Straw,Level1,694,HLPD30L12
HLPD30L13,ACTGCCAG,CTTGGTCATTTAGAGGAAGTAA,GCTGCGTTCTTCATCGATGC,L6,9,Bact,HL,Paddy,Day30,Straw,Level1,694,HLPD30L13
HLPD30L14,ACTTGGCC,CTTGGTCATTTAGAGGAAGTAA,GCTGCGTTCTTCATCGATGC,L6,10,Bact,HL,Paddy,Day30,Straw,Level1,694,HLPD30L14
HLPD30L15,AGCGAGTC,CTTGGTCATTTAGAGGAAGTAA,GCTGCGTTCTTCATCGATGC,L6,11,Bact,HL,Paddy,Day30,Straw,Level1,694,HLPD30L15
HLPD30L16,AGGATCAT,CTTGGTCATTTAGAGGAAGTAA,GCTGCGTTCTTCATCGATGC,L6,12,Bact,HL,Paddy,Day30,Straw,Level1,694,HLPD30L16
HLPD30L21,ATAACCTC,CTTGGTCATTTAGAGGAAGTAA,GCTGCGTTCTTCATCGATGC,L6,13,Bact,HL,Paddy,Day30,Straw,Level2,6940,HLPD30L21
HLPD30L22,ATAGATCT,CTTGGTCATTTAGAGGAAGTAA,GCTGCGTTCTTCATCGATGC,L6,14,Bact,HL,Paddy,Day30,Straw,Level2,6940,HLPD30L22
HLPD30L23,ATATTGAG,CTTGGTCATTTAGAGGAAGTAA,GCTGCGTTCTTCATCGATGC,L6,15,Bact,HL,Paddy,Day30,Straw,Level2,6940,HLPD30L23
HLPD30L24,ATTAGAGG,CTTGGTCATTTAGAGGAAGTAA,GCTGCGTTCTTCATCGATGC,L6,16,Bact,HL,Paddy,Day30,Straw,Level2,6940,HLPD30L24
HLPD30L25,CAGGACTT,CTTGGTCATTTAGAGGAAGTAA,GCTGCGTTCTTCATCGATGC,L6,17,Bact,HL,Paddy,Day30,Straw,Level2,6940,HLPD30L25
HLPD30L26,CATCCTGG,CTTGGTCATTTAGAGGAAGTAA,GCTGCGTTCTTCATCGATGC,L6,18,Bact,HL,Paddy,Day30,Straw,Level2,6940,HLPD30L26
HLPD30L31,CCAATTGC,CTTGGTCATTTAGAGGAAGTAA,GCTGCGTTCTTCATCGATGC,L6,19,Bact,HL,Paddy,Day30,Straw,Level3,69400,HLPD30L31
HLPD30L32,CCGCTGCT,CTTGGTCATTTAGAGGAAGTAA,GCTGCGTTCTTCATCGATGC,L6,20,Bact,HL,Paddy,Day30,Straw,Level3,69400,HLPD30L32
HLPD30L33,CGATATTG,CTTGGTCATTTAGAGGAAGTAA,GCTGCGTTCTTCATCGATGC,L6,21,Bact,HL,Paddy,Day30,Straw,Level3,69400,HLPD30L33
HLPD30L34,CTCCGATC,CTTGGTCATTTAGAGGAAGTAA,GCTGCGTTCTTCATCGATGC,L6,22,Bact,HL,Paddy,Day30,Straw,Level3,69400,HLPD30L34
HLPD30L35,CTCTCGGT,CTTGGTCATTTAGAGGAAGTAA,GCTGCGTTCTTCATCGATGC,L6,23,Bact,HL,Paddy,Day30,Straw,Level3,69400,HLPD30L35
HLPD30L36,GCAAGGTT,CTTGGTCATTTAGAGGAAGTAA,GCTGCGTTCTTCATCGATGC,L6,24,Bact,HL,Paddy,Day30,Straw,Level3,69400,HLPD30L36
HLPD30L41,GCGTATAT,CTTGGTCATTTAGAGGAAGTAA,GCTGCGTTCTTCATCGATGC,L6,25,Bact,HL,Paddy,Day30,Straw,Level4,694000,HLPD30L41
HLPD30L42,GGAGTCGG,CTTGGTCATTTAGAGGAAGTAA,GCTGCGTTCTTCATCGATGC,L6,26,Bact,HL,Paddy,Day30,Straw,Level4,694000,HLPD30L42
HLPD30L43,GGCCTTCC,CTTGGTCATTTAGAGGAAGTAA,GCTGCGTTCTTCATCGATGC,L6,27,Bact,HL,Paddy,Day30,Straw,Level4,694000,HLPD30L43
HLPD30L44,GGTTAAGC,CTTGGTCATTTAGAGGAAGTAA,GCTGCGTTCTTCATCGATGC,L6,28,Bact,HL,Paddy,Day30,Straw,Level4,694000,HLPD30L44
HLPD30L45,TAACGCTG,CTTGGTCATTTAGAGGAAGTAA,GCTGCGTTCTTCATCGATGC,L6,29,Bact,HL,Paddy,Day30,Straw,Level4,694000,HLPD30L45
HLPD30L46,TATGAACG,CTTGGTCATTTAGAGGAAGTAA,GCTGCGTTCTTCATCGATGC,L6,30,Bact,HL,Paddy,Day30,Straw,Level4,694000,HLPD30L46
HLPD30L51,TCCGGCGT,CTTGGTCATTTAGAGGAAGTAA,GCTGCGTTCTTCATCGATGC,L6,31,Bact,HL,Paddy,Day30,Straw,Level5,2080000,HLPD30L51
HLPD30L52,TCCTTAAC,CTTGGTCATTTAGAGGAAGTAA,GCTGCGTTCTTCATCGATGC,L6,32,Bact,HL,Paddy,Day30,Straw,Level5,2080000,HLPD30L52
HLPD30L53,TCTACTCT,CTTGGTCATTTAGAGGAAGTAA,GCTGCGTTCTTCATCGATGC,L6,33,Bact,HL,Paddy,Day30,Straw,Level5,2080000,HLPD30L53
HLPD30L54,TGAGCGAT,CTTGGTCATTTAGAGGAAGTAA,GCTGCGTTCTTCATCGATGC,L6,34,Bact,HL,Paddy,Day30,Straw,Level5,2080000,HLPD30L54
HLPD30L55,TTAAGTAA,CTTGGTCATTTAGAGGAAGTAA,GCTGCGTTCTTCATCGATGC,L6,35,Bact,HL,Paddy,Day30,Straw,Level5,2080000,HLPD30L55
HLPD30L56,TTACTAGT,CTTGGTCATTTAGAGGAAGTAA,GCTGCGTTCTTCATCGATGC,L6,36,Bact,HL,Paddy,Day30,Straw,Level5,2080000,HLPD30L56
HLPD30L61,TTCATCCG,CTTGGTCATTTAGAGGAAGTAA,GCTGCGTTCTTCATCGATGC,L6,37,Bact,HL,Paddy,Day30,Straw,Level6,6240000,HLPD30L61
HLPD30L62,TTGCAGAC,CTTGGTCATTTAGAGGAAGTAA,GCTGCGTTCTTCATCGATGC,L6,38,Bact,HL,Paddy,Day30,Straw,Level6,6240000,HLPD30L62
HLPD30L63,TTGGCTTG,CTTGGTCATTTAGAGGAAGTAA,GCTGCGTTCTTCATCGATGC,L6,39,Bact,HL,Paddy,Day30,Straw,Level6,6240000,HLPD30L63
HLPD30L64,CCATCCTT,CTTGGTCATTTAGAGGAAGTAA,GCTGCGTTCTTCATCGATGC,L6,40,Bact,HL,Paddy,Day30,Straw,Level6,6240000,HLPD30L64
HLPD30L65,AACGTTAC,CTTGGTCATTTAGAGGAAGTAA,GCTGCGTTCTTCATCGATGC,L6,41,Bact,HL,Paddy,Day30,Straw,Level6,6240000,HLPD30L65
HLPD30L66,AATTGCCG,CTTGGTCATTTAGAGGAAGTAA,GCTGCGTTCTTCATCGATGC,L6,42,Bact,HL,Paddy,Day30,Straw,Level6,6240000,HLPD30L66
HLPD30L81,TCTAGATT,CTTGGTCATTTAGAGGAAGTAA,GCTGCGTTCTTCATCGATGC,L6,49,Bact,HL,Paddy,Day30,Straw,Level8,56200000,HLPD30L81
HLPD30L82,TTACCAAC,CTTGGTCATTTAGAGGAAGTAA,GCTGCGTTCTTCATCGATGC,L6,50,Bact,HL,Paddy,Day30,Straw,Level8,56200000,HLPD30L82
HLPD30L83,TTCTTCTA,CTTGGTCATTTAGAGGAAGTAA,GCTGCGTTCTTCATCGATGC,L6,51,Bact,HL,Paddy,Day30,Straw,Level8,56200000,HLPD30L83
HLPD30L84,TTGAATGG,CTTGGTCATTTAGAGGAAGTAA,GCTGCGTTCTTCATCGATGC,L6,52,Bact,HL,Paddy,Day30,Straw,Level8,56200000,HLPD30L84
HLPD30L85,TAGAACAC,CTTGGTCATTTAGAGGAAGTAA,GCTGCGTTCTTCATCGATGC,L6,53,Bact,HL,Paddy,Day30,Straw,Level8,56200000,HLPD30L85
HLPD30L86,CGATGTTT,CTTGGTCATTTAGAGGAAGTAA,GCTGCGTTCTTCATCGATGC,L6,54,Bact,HL,Paddy,Day30,Straw,Level8,56200000,HLPD30L86
HLPD30L91,TGACAGAC,CTTGGTCATTTAGAGGAAGTAA,GCTGCGTTCTTCATCGATGC,L6,55,Bact,HL,Paddy,Day30,Straw,Level9,281000000,HLPD30L91
HLPD30L92,TGGTTGTT,CTTGGTCATTTAGAGGAAGTAA,GCTGCGTTCTTCATCGATGC,L6,56,Bact,HL,Paddy,Day30,Straw,Level9,281000000,HLPD30L92
HLPD30L93,TTGGTATG,CTTGGTCATTTAGAGGAAGTAA,GCTGCGTTCTTCATCGATGC,L6,57,Bact,HL,Paddy,Day30,Straw,Level9,281000000,HLPD30L93
HLPD30L94,TTGTTCCA,CTTGGTCATTTAGAGGAAGTAA,GCTGCGTTCTTCATCGATGC,L6,58,Bact,HL,Paddy,Day30,Straw,Level9,281000000,HLPD30L94
HLPD30L95,TTCTGTGT,CTTGGTCATTTAGAGGAAGTAA,GCTGCGTTCTTCATCGATGC,L6,59,Bact,HL,Paddy,Day30,Straw,Level9,281000000,HLPD30L95
HLPD30L96,TGCTGATA,CTTGGTCATTTAGAGGAAGTAA,GCTGCGTTCTTCATCGATGC,L6,60,Bact,HL,Paddy,Day30,Straw,Level9,281000000,HLPD30L96
