Metadata of Fungi,,,,,,,,,
SampleID,BarcodeSequence,LinkerPrimerSequence,ReversePrimer,Species,Site,Fieldtype,SpikeLevel,SpikeCopies,Description
SYUDay0CK1,AACCGGAT,CTTGGTCATTTAGAGGAAGTAA,GCTGCGTTCTTCATCGATGC,Fungi,SY,Upland,Control,0,SYUDay0CK1
SYUDay0CK2,AACTACGG,CTTGGTCATTTAGAGGAAGTAA,GCTGCGTTCTTCATCGATGC,Fungi,SY,Upland,Control,0,SYUDay0CK2
SYUDay0CK3,AAGACGCG,CTTGGTCATTTAGAGGAAGTAA,GCTGCGTTCTTCATCGATGC,Fungi,SY,Upland,Control,0,SYUDay0CK3
SYUDay0CK4,AAGGTAGC,CTTGGTCATTTAGAGGAAGTAA,GCTGCGTTCTTCATCGATGC,Fungi,SY,Upland,Control,0,SYUDay0CK4
SYUDay0CK5,AATAATAC,CTTGGTCATTTAGAGGAAGTAA,GCTGCGTTCTTCATCGATGC,Fungi,SY,Upland,Control,0,SYUDay0CK5
SYUDay0CK6,AATCTCCA,CTTGGTCATTTAGAGGAAGTAA,GCTGCGTTCTTCATCGATGC,Fungi,SY,Upland,Control,0,SYUDay0CK6
SYUDay0L11,AATTCATT,CTTGGTCATTTAGAGGAAGTAA,GCTGCGTTCTTCATCGATGC,Fungi,SY,Upland,Level1,49.1,SYUDay0L11
SYUDay0L12,ACGCAATG,CTTGGTCATTTAGAGGAAGTAA,GCTGCGTTCTTCATCGATGC,Fungi,SY,Upland,Level1,49.1,SYUDay0L12
SYUDay0L13,ACTGCCAG,CTTGGTCATTTAGAGGAAGTAA,GCTGCGTTCTTCATCGATGC,Fungi,SY,Upland,Level1,49.1,SYUDay0L13
SYUDay0L14,ACTTGGCC,CTTGGTCATTTAGAGGAAGTAA,GCTGCGTTCTTCATCGATGC,Fungi,SY,Upland,Level1,49.1,SYUDay0L14
SYUDay0L15,AGCGAGTC,CTTGGTCATTTAGAGGAAGTAA,GCTGCGTTCTTCATCGATGC,Fungi,SY,Upland,Level1,49.1,SYUDay0L15
SYUDay0L21,ATAACCTC,CTTGGTCATTTAGAGGAAGTAA,GCTGCGTTCTTCATCGATGC,Fungi,SY,Upland,Level2,491,SYUDay0L21
SYUDay0L22,ATAGATCT,CTTGGTCATTTAGAGGAAGTAA,GCTGCGTTCTTCATCGATGC,Fungi,SY,Upland,Level2,491,SYUDay0L22
SYUDay0L23,ATATTGAG,CTTGGTCATTTAGAGGAAGTAA,GCTGCGTTCTTCATCGATGC,Fungi,SY,Upland,Level2,491,SYUDay0L23
SYUDay0L24,ATTAGAGG,CTTGGTCATTTAGAGGAAGTAA,GCTGCGTTCTTCATCGATGC,Fungi,SY,Upland,Level2,491,SYUDay0L24
SYUDay0L25,CAGGACTT,CTTGGTCATTTAGAGGAAGTAA,GCTGCGTTCTTCATCGATGC,Fungi,SY,Upland,Level2,491,SYUDay0L25
SYUDay0L26,CATCCTGG,CTTGGTCATTTAGAGGAAGTAA,GCTGCGTTCTTCATCGATGC,Fungi,SY,Upland,Level2,491,SYUDay0L26
SYUDay0L31,CCAATTGC,CTTGGTCATTTAGAGGAAGTAA,GCTGCGTTCTTCATCGATGC,Fungi,SY,Upland,Level3,4910,SYUDay0L31
SYUDay0L32,CCGCTGCT,CTTGGTCATTTAGAGGAAGTAA,GCTGCGTTCTTCATCGATGC,Fungi,SY,Upland,Level3,4910,SYUDay0L32
SYUDay0L33,CGATATTG,CTTGGTCATTTAGAGGAAGTAA,GCTGCGTTCTTCATCGATGC,Fungi,SY,Upland,Level3,4910,SYUDay0L33
SYUDay0L34,CTCCGATC,CTTGGTCATTTAGAGGAAGTAA,GCTGCGTTCTTCATCGATGC,Fungi,SY,Upland,Level3,4910,SYUDay0L34
SYUDay0L35,CTCTCGGT,CTTGGTCATTTAGAGGAAGTAA,GCTGCGTTCTTCATCGATGC,Fungi,SY,Upland,Level3,4910,SYUDay0L35
SYUDay0L41,GCGTATAT,CTTGGTCATTTAGAGGAAGTAA,GCTGCGTTCTTCATCGATGC,Fungi,SY,Upland,Level4,49100,SYUDay0L41
SYUDay0L42,GGAGTCGG,CTTGGTCATTTAGAGGAAGTAA,GCTGCGTTCTTCATCGATGC,Fungi,SY,Upland,Level4,49100,SYUDay0L42
SYUDay0L43,GGCCTTCC,CTTGGTCATTTAGAGGAAGTAA,GCTGCGTTCTTCATCGATGC,Fungi,SY,Upland,Level4,49100,SYUDay0L43
SYUDay0L44,GGTTAAGC,CTTGGTCATTTAGAGGAAGTAA,GCTGCGTTCTTCATCGATGC,Fungi,SY,Upland,Level4,49100,SYUDay0L44
SYUDay0L45,TAACGCTG,CTTGGTCATTTAGAGGAAGTAA,GCTGCGTTCTTCATCGATGC,Fungi,SY,Upland,Level4,49100,SYUDay0L45
SYUDay0L46,TATGAACG,CTTGGTCATTTAGAGGAAGTAA,GCTGCGTTCTTCATCGATGC,Fungi,SY,Upland,Level4,49100,SYUDay0L46
SYUDay0L51,TCCGGCGT,CTTGGTCATTTAGAGGAAGTAA,GCTGCGTTCTTCATCGATGC,Fungi,SY,Upland,Level5,147000,SYUDay0L51
SYUDay0L52,TCCTTAAC,CTTGGTCATTTAGAGGAAGTAA,GCTGCGTTCTTCATCGATGC,Fungi,SY,Upland,Level5,147000,SYUDay0L52
SYUDay0L53,TCTACTCT,CTTGGTCATTTAGAGGAAGTAA,GCTGCGTTCTTCATCGATGC,Fungi,SY,Upland,Level5,147000,SYUDay0L53
SYUDay0L54,TGAGCGAT,CTTGGTCATTTAGAGGAAGTAA,GCTGCGTTCTTCATCGATGC,Fungi,SY,Upland,Level5,147000,SYUDay0L54
SYUDay0L55,TTAAGTAA,CTTGGTCATTTAGAGGAAGTAA,GCTGCGTTCTTCATCGATGC,Fungi,SY,Upland,Level5,147000,SYUDay0L55
SYUDay0L56,TTACTAGT,CTTGGTCATTTAGAGGAAGTAA,GCTGCGTTCTTCATCGATGC,Fungi,SY,Upland,Level5,147000,SYUDay0L56
SYUDay0L61,TTCATCCG,CTTGGTCATTTAGAGGAAGTAA,GCTGCGTTCTTCATCGATGC,Fungi,SY,Upland,Level6,442000,SYUDay0L61
SYUDay0L62,TTGCAGAC,CTTGGTCATTTAGAGGAAGTAA,GCTGCGTTCTTCATCGATGC,Fungi,SY,Upland,Level6,442000,SYUDay0L62
SYUDay0L63,TTGGCTTG,CTTGGTCATTTAGAGGAAGTAA,GCTGCGTTCTTCATCGATGC,Fungi,SY,Upland,Level6,442000,SYUDay0L63
SYUDay0L64,CCATCCTT,CTTGGTCATTTAGAGGAAGTAA,GCTGCGTTCTTCATCGATGC,Fungi,SY,Upland,Level6,442000,SYUDay0L64
SYUDay0L65,AACGTTAC,CTTGGTCATTTAGAGGAAGTAA,GCTGCGTTCTTCATCGATGC,Fungi,SY,Upland,Level6,442000,SYUDay0L65
SYUDay0L66,AATTGCCG,CTTGGTCATTTAGAGGAAGTAA,GCTGCGTTCTTCATCGATGC,Fungi,SY,Upland,Level6,442000,SYUDay0L66
SYUDay0L71,AGAGAACT,CTTGGTCATTTAGAGGAAGTAA,GCTGCGTTCTTCATCGATGC,Fungi,SY,Upland,Level7,1330000,SYUDay0L71
SYUDay0L72,CAGCCGTT,CTTGGTCATTTAGAGGAAGTAA,GCTGCGTTCTTCATCGATGC,Fungi,SY,Upland,Level7,1330000,SYUDay0L72
SYUDay0L73,CCAATCAG,CTTGGTCATTTAGAGGAAGTAA,GCTGCGTTCTTCATCGATGC,Fungi,SY,Upland,Level7,1330000,SYUDay0L73
SYUDay0L74,CCTTAGGC,CTTGGTCATTTAGAGGAAGTAA,GCTGCGTTCTTCATCGATGC,Fungi,SY,Upland,Level7,1330000,SYUDay0L74
SYUDay0L75,GGATCTTG,CTTGGTCATTTAGAGGAAGTAA,GCTGCGTTCTTCATCGATGC,Fungi,SY,Upland,Level7,1330000,SYUDay0L75
SYUDay0L76,TCCGCGCG,CTTGGTCATTTAGAGGAAGTAA,GCTGCGTTCTTCATCGATGC,Fungi,SY,Upland,Level7,1330000,SYUDay0L76
SYUDay0L81,TCTAGATT,CTTGGTCATTTAGAGGAAGTAA,GCTGCGTTCTTCATCGATGC,Fungi,SY,Upland,Level8,3980000,SYUDay0L81
SYUDay0L82,TTACCAAC,CTTGGTCATTTAGAGGAAGTAA,GCTGCGTTCTTCATCGATGC,Fungi,SY,Upland,Level8,3980000,SYUDay0L82
SYUDay0L83,TTCTTCTA,CTTGGTCATTTAGAGGAAGTAA,GCTGCGTTCTTCATCGATGC,Fungi,SY,Upland,Level8,3980000,SYUDay0L83
SYUDay0L84,TTGAATGG,CTTGGTCATTTAGAGGAAGTAA,GCTGCGTTCTTCATCGATGC,Fungi,SY,Upland,Level8,3980000,SYUDay0L84
SYUDay0L85,TAGAACAC,CTTGGTCATTTAGAGGAAGTAA,GCTGCGTTCTTCATCGATGC,Fungi,SY,Upland,Level8,3980000,SYUDay0L85
SYUDay0L86,CGATGTTT,CTTGGTCATTTAGAGGAAGTAA,GCTGCGTTCTTCATCGATGC,Fungi,SY,Upland,Level8,3980000,SYUDay0L86
SYUDay0L91,TGACAGAC,CTTGGTCATTTAGAGGAAGTAA,GCTGCGTTCTTCATCGATGC,Fungi,SY,Upland,Level9,19900000,SYUDay0L91
SYUDay0L92,TGGTTGTT,CTTGGTCATTTAGAGGAAGTAA,GCTGCGTTCTTCATCGATGC,Fungi,SY,Upland,Level9,19900000,SYUDay0L92
SYUDay0L93,TTGGTATG,CTTGGTCATTTAGAGGAAGTAA,GCTGCGTTCTTCATCGATGC,Fungi,SY,Upland,Level9,19900000,SYUDay0L93
SYUDay0L94,TTGTTCCA,CTTGGTCATTTAGAGGAAGTAA,GCTGCGTTCTTCATCGATGC,Fungi,SY,Upland,Level9,19900000,SYUDay0L94
SYUDay0L95,TTCTGTGT,CTTGGTCATTTAGAGGAAGTAA,GCTGCGTTCTTCATCGATGC,Fungi,SY,Upland,Level9,19900000,SYUDay0L95
SYUDay0L96,TGCTGATA,CTTGGTCATTTAGAGGAAGTAA,GCTGCGTTCTTCATCGATGC,Fungi,SY,Upland,Level9,19900000,SYUDay0L96
SYUDay7CK1,AACCGGAT,CTTGGTCATTTAGAGGAAGTAA,GCTGCGTTCTTCATCGATGC,Fungi,SY,Upland,Control,0,SYUDay7CK1
SYUDay7CK2,AACTACGG,CTTGGTCATTTAGAGGAAGTAA,GCTGCGTTCTTCATCGATGC,Fungi,SY,Upland,Control,0,SYUDay7CK2
SYUDay7CK3,AAGACGCG,CTTGGTCATTTAGAGGAAGTAA,GCTGCGTTCTTCATCGATGC,Fungi,SY,Upland,Control,0,SYUDay7CK3
SYUDay7CK4,AAGGTAGC,CTTGGTCATTTAGAGGAAGTAA,GCTGCGTTCTTCATCGATGC,Fungi,SY,Upland,Control,0,SYUDay7CK4
SYUDay7CK5,AATAATAC,CTTGGTCATTTAGAGGAAGTAA,GCTGCGTTCTTCATCGATGC,Fungi,SY,Upland,Control,0,SYUDay7CK5
SYUDay7CK6,AATCTCCA,CTTGGTCATTTAGAGGAAGTAA,GCTGCGTTCTTCATCGATGC,Fungi,SY,Upland,Control,0,SYUDay7CK6
SYUDay7L11,AATTCATT,CTTGGTCATTTAGAGGAAGTAA,GCTGCGTTCTTCATCGATGC,Fungi,SY,Upland,Level1,49.1,SYUDay7L11
SYUDay7L12,ACGCAATG,CTTGGTCATTTAGAGGAAGTAA,GCTGCGTTCTTCATCGATGC,Fungi,SY,Upland,Level1,49.1,SYUDay7L12
SYUDay7L13,ACTGCCAG,CTTGGTCATTTAGAGGAAGTAA,GCTGCGTTCTTCATCGATGC,Fungi,SY,Upland,Level1,49.1,SYUDay7L13
SYUDay7L14,ACTTGGCC,CTTGGTCATTTAGAGGAAGTAA,GCTGCGTTCTTCATCGATGC,Fungi,SY,Upland,Level1,49.1,SYUDay7L14
SYUDay7L15,AGCGAGTC,CTTGGTCATTTAGAGGAAGTAA,GCTGCGTTCTTCATCGATGC,Fungi,SY,Upland,Level1,49.1,SYUDay7L15
SYUDay7L16,AGGATCAT,CTTGGTCATTTAGAGGAAGTAA,GCTGCGTTCTTCATCGATGC,Fungi,SY,Upland,Level1,49.1,SYUDay7L16
SYUDay7L21,ATAACCTC,CTTGGTCATTTAGAGGAAGTAA,GCTGCGTTCTTCATCGATGC,Fungi,SY,Upland,Level2,491,SYUDay7L21
SYUDay7L22,ATAGATCT,CTTGGTCATTTAGAGGAAGTAA,GCTGCGTTCTTCATCGATGC,Fungi,SY,Upland,Level2,491,SYUDay7L22
SYUDay7L23,ATATTGAG,CTTGGTCATTTAGAGGAAGTAA,GCTGCGTTCTTCATCGATGC,Fungi,SY,Upland,Level2,491,SYUDay7L23
SYUDay7L24,ATTAGAGG,CTTGGTCATTTAGAGGAAGTAA,GCTGCGTTCTTCATCGATGC,Fungi,SY,Upland,Level2,491,SYUDay7L24
SYUDay7L25,CAGGACTT,CTTGGTCATTTAGAGGAAGTAA,GCTGCGTTCTTCATCGATGC,Fungi,SY,Upland,Level2,491,SYUDay7L25
SYUDay7L26,CATCCTGG,CTTGGTCATTTAGAGGAAGTAA,GCTGCGTTCTTCATCGATGC,Fungi,SY,Upland,Level2,491,SYUDay7L26
SYUDay7L31,CCAATTGC,CTTGGTCATTTAGAGGAAGTAA,GCTGCGTTCTTCATCGATGC,Fungi,SY,Upland,Level3,4910,SYUDay7L31
SYUDay7L32,CCGCTGCT,CTTGGTCATTTAGAGGAAGTAA,GCTGCGTTCTTCATCGATGC,Fungi,SY,Upland,Level3,4910,SYUDay7L32
SYUDay7L33,CGATATTG,CTTGGTCATTTAGAGGAAGTAA,GCTGCGTTCTTCATCGATGC,Fungi,SY,Upland,Level3,4910,SYUDay7L33
SYUDay7L34,CTCCGATC,CTTGGTCATTTAGAGGAAGTAA,GCTGCGTTCTTCATCGATGC,Fungi,SY,Upland,Level3,4910,SYUDay7L34
SYUDay7L35,CTCTCGGT,CTTGGTCATTTAGAGGAAGTAA,GCTGCGTTCTTCATCGATGC,Fungi,SY,Upland,Level3,4910,SYUDay7L35
SYUDay7L36,GCAAGGTT,CTTGGTCATTTAGAGGAAGTAA,GCTGCGTTCTTCATCGATGC,Fungi,SY,Upland,Level3,4910,SYUDay7L36
SYUDay7L41,GCGTATAT,CTTGGTCATTTAGAGGAAGTAA,GCTGCGTTCTTCATCGATGC,Fungi,SY,Upland,Level4,49100,SYUDay7L41
SYUDay7L42,GGAGTCGG,CTTGGTCATTTAGAGGAAGTAA,GCTGCGTTCTTCATCGATGC,Fungi,SY,Upland,Level4,49100,SYUDay7L42
SYUDay7L43,GGCCTTCC,CTTGGTCATTTAGAGGAAGTAA,GCTGCGTTCTTCATCGATGC,Fungi,SY,Upland,Level4,49100,SYUDay7L43
SYUDay7L44,GGTTAAGC,CTTGGTCATTTAGAGGAAGTAA,GCTGCGTTCTTCATCGATGC,Fungi,SY,Upland,Level4,49100,SYUDay7L44
SYUDay7L45,TAACGCTG,CTTGGTCATTTAGAGGAAGTAA,GCTGCGTTCTTCATCGATGC,Fungi,SY,Upland,Level4,49100,SYUDay7L45
SYUDay7L46,TATGAACG,CTTGGTCATTTAGAGGAAGTAA,GCTGCGTTCTTCATCGATGC,Fungi,SY,Upland,Level4,49100,SYUDay7L46
SYUDay7L51,TCCGGCGT,CTTGGTCATTTAGAGGAAGTAA,GCTGCGTTCTTCATCGATGC,Fungi,SY,Upland,Level5,147000,SYUDay7L51
SYUDay7L52,TCCTTAAC,CTTGGTCATTTAGAGGAAGTAA,GCTGCGTTCTTCATCGATGC,Fungi,SY,Upland,Level5,147000,SYUDay7L52
SYUDay7L53,TCTACTCT,CTTGGTCATTTAGAGGAAGTAA,GCTGCGTTCTTCATCGATGC,Fungi,SY,Upland,Level5,147000,SYUDay7L53
SYUDay7L54,TGAGCGAT,CTTGGTCATTTAGAGGAAGTAA,GCTGCGTTCTTCATCGATGC,Fungi,SY,Upland,Level5,147000,SYUDay7L54
SYUDay7L55,TTAAGTAA,CTTGGTCATTTAGAGGAAGTAA,GCTGCGTTCTTCATCGATGC,Fungi,SY,Upland,Level5,147000,SYUDay7L55
SYUDay7L56,TTACTAGT,CTTGGTCATTTAGAGGAAGTAA,GCTGCGTTCTTCATCGATGC,Fungi,SY,Upland,Level5,147000,SYUDay7L56
SYUDay7L61,TTCATCCG,CTTGGTCATTTAGAGGAAGTAA,GCTGCGTTCTTCATCGATGC,Fungi,SY,Upland,Level6,442000,SYUDay7L61
SYUDay7L62,TTGCAGAC,CTTGGTCATTTAGAGGAAGTAA,GCTGCGTTCTTCATCGATGC,Fungi,SY,Upland,Level6,442000,SYUDay7L62
SYUDay7L63,TTGGCTTG,CTTGGTCATTTAGAGGAAGTAA,GCTGCGTTCTTCATCGATGC,Fungi,SY,Upland,Level6,442000,SYUDay7L63
SYUDay7L64,CCATCCTT,CTTGGTCATTTAGAGGAAGTAA,GCTGCGTTCTTCATCGATGC,Fungi,SY,Upland,Level6,442000,SYUDay7L64
SYUDay7L65,AACGTTAC,CTTGGTCATTTAGAGGAAGTAA,GCTGCGTTCTTCATCGATGC,Fungi,SY,Upland,Level6,442000,SYUDay7L65
SYUDay7L66,AATTGCCG,CTTGGTCATTTAGAGGAAGTAA,GCTGCGTTCTTCATCGATGC,Fungi,SY,Upland,Level6,442000,SYUDay7L66
SYUDay7L71,AGAGAACT,CTTGGTCATTTAGAGGAAGTAA,GCTGCGTTCTTCATCGATGC,Fungi,SY,Upland,Level7,1330000,SYUDay7L71
SYUDay7L72,CAGCCGTT,CTTGGTCATTTAGAGGAAGTAA,GCTGCGTTCTTCATCGATGC,Fungi,SY,Upland,Level7,1330000,SYUDay7L72
SYUDay7L73,CCAATCAG,CTTGGTCATTTAGAGGAAGTAA,GCTGCGTTCTTCATCGATGC,Fungi,SY,Upland,Level7,1330000,SYUDay7L73
SYUDay7L74,CCTTAGGC,CTTGGTCATTTAGAGGAAGTAA,GCTGCGTTCTTCATCGATGC,Fungi,SY,Upland,Level7,1330000,SYUDay7L74
SYUDay7L75,GGATCTTG,CTTGGTCATTTAGAGGAAGTAA,GCTGCGTTCTTCATCGATGC,Fungi,SY,Upland,Level7,1330000,SYUDay7L75
SYUDay7L76,TCCGCGCG,CTTGGTCATTTAGAGGAAGTAA,GCTGCGTTCTTCATCGATGC,Fungi,SY,Upland,Level7,1330000,SYUDay7L76
SYUDay7L81,TCTAGATT,CTTGGTCATTTAGAGGAAGTAA,GCTGCGTTCTTCATCGATGC,Fungi,SY,Upland,Level8,3980000,SYUDay7L81
SYUDay7L82,TTACCAAC,CTTGGTCATTTAGAGGAAGTAA,GCTGCGTTCTTCATCGATGC,Fungi,SY,Upland,Level8,3980000,SYUDay7L82
SYUDay7L83,TTCTTCTA,CTTGGTCATTTAGAGGAAGTAA,GCTGCGTTCTTCATCGATGC,Fungi,SY,Upland,Level8,3980000,SYUDay7L83
SYUDay7L84,TTGAATGG,CTTGGTCATTTAGAGGAAGTAA,GCTGCGTTCTTCATCGATGC,Fungi,SY,Upland,Level8,3980000,SYUDay7L84
SYUDay7L85,TAGAACAC,CTTGGTCATTTAGAGGAAGTAA,GCTGCGTTCTTCATCGATGC,Fungi,SY,Upland,Level8,3980000,SYUDay7L85
SYUDay7L86,CGATGTTT,CTTGGTCATTTAGAGGAAGTAA,GCTGCGTTCTTCATCGATGC,Fungi,SY,Upland,Level8,3980000,SYUDay7L86
SYUDay7L91,TGACAGAC,CTTGGTCATTTAGAGGAAGTAA,GCTGCGTTCTTCATCGATGC,Fungi,SY,Upland,Level9,19900000,SYUDay7L91
SYUDay7L92,TGGTTGTT,CTTGGTCATTTAGAGGAAGTAA,GCTGCGTTCTTCATCGATGC,Fungi,SY,Upland,Level9,19900000,SYUDay7L92
SYUDay7L93,TTGGTATG,CTTGGTCATTTAGAGGAAGTAA,GCTGCGTTCTTCATCGATGC,Fungi,SY,Upland,Level9,19900000,SYUDay7L93
SYUDay7L94,TTGTTCCA,CTTGGTCATTTAGAGGAAGTAA,GCTGCGTTCTTCATCGATGC,Fungi,SY,Upland,Level9,19900000,SYUDay7L94
SYUDay7L95,TTCTGTGT,CTTGGTCATTTAGAGGAAGTAA,GCTGCGTTCTTCATCGATGC,Fungi,SY,Upland,Level9,19900000,SYUDay7L95
SYUDay7L96,TGCTGATA,CTTGGTCATTTAGAGGAAGTAA,GCTGCGTTCTTCATCGATGC,Fungi,SY,Upland,Level9,19900000,SYUDay7L96
SYUDay30CK1,AACCGGAT,CTTGGTCATTTAGAGGAAGTAA,GCTGCGTTCTTCATCGATGC,Fungi,SY,Upland,Control,0,SYUDay30CK1
SYUDay30CK2,AACTACGG,CTTGGTCATTTAGAGGAAGTAA,GCTGCGTTCTTCATCGATGC,Fungi,SY,Upland,Control,0,SYUDay30CK2
SYUDay30CK3,AAGACGCG,CTTGGTCATTTAGAGGAAGTAA,GCTGCGTTCTTCATCGATGC,Fungi,SY,Upland,Control,0,SYUDay30CK3
SYUDay30CK4,AAGGTAGC,CTTGGTCATTTAGAGGAAGTAA,GCTGCGTTCTTCATCGATGC,Fungi,SY,Upland,Control,0,SYUDay30CK4
SYUDay30CK5,AATAATAC,CTTGGTCATTTAGAGGAAGTAA,GCTGCGTTCTTCATCGATGC,Fungi,SY,Upland,Control,0,SYUDay30CK5
SYUDay30CK6,AATCTCCA,CTTGGTCATTTAGAGGAAGTAA,GCTGCGTTCTTCATCGATGC,Fungi,SY,Upland,Control,0,SYUDay30CK6
SYUDay30L11,AATTCATT,CTTGGTCATTTAGAGGAAGTAA,GCTGCGTTCTTCATCGATGC,Fungi,SY,Upland,Level1,49.1,SYUDay30L11
SYUDay30L12,ACGCAATG,CTTGGTCATTTAGAGGAAGTAA,GCTGCGTTCTTCATCGATGC,Fungi,SY,Upland,Level1,49.1,SYUDay30L12
SYUDay30L13,ACTGCCAG,CTTGGTCATTTAGAGGAAGTAA,GCTGCGTTCTTCATCGATGC,Fungi,SY,Upland,Level1,49.1,SYUDay30L13
SYUDay30L14,ACTTGGCC,CTTGGTCATTTAGAGGAAGTAA,GCTGCGTTCTTCATCGATGC,Fungi,SY,Upland,Level1,49.1,SYUDay30L14
SYUDay30L15,AGCGAGTC,CTTGGTCATTTAGAGGAAGTAA,GCTGCGTTCTTCATCGATGC,Fungi,SY,Upland,Level1,49.1,SYUDay30L15
SYUDay30L16,AGGATCAT,CTTGGTCATTTAGAGGAAGTAA,GCTGCGTTCTTCATCGATGC,Fungi,SY,Upland,Level1,49.1,SYUDay30L16
SYUDay30L21,ATAACCTC,CTTGGTCATTTAGAGGAAGTAA,GCTGCGTTCTTCATCGATGC,Fungi,SY,Upland,Level2,491,SYUDay30L21
SYUDay30L22,ATAGATCT,CTTGGTCATTTAGAGGAAGTAA,GCTGCGTTCTTCATCGATGC,Fungi,SY,Upland,Level2,491,SYUDay30L22
SYUDay30L23,ATATTGAG,CTTGGTCATTTAGAGGAAGTAA,GCTGCGTTCTTCATCGATGC,Fungi,SY,Upland,Level2,491,SYUDay30L23
SYUDay30L24,ATTAGAGG,CTTGGTCATTTAGAGGAAGTAA,GCTGCGTTCTTCATCGATGC,Fungi,SY,Upland,Level2,491,SYUDay30L24
SYUDay30L25,CAGGACTT,CTTGGTCATTTAGAGGAAGTAA,GCTGCGTTCTTCATCGATGC,Fungi,SY,Upland,Level2,491,SYUDay30L25
SYUDay30L26,CATCCTGG,CTTGGTCATTTAGAGGAAGTAA,GCTGCGTTCTTCATCGATGC,Fungi,SY,Upland,Level2,491,SYUDay30L26
SYUDay30L31,CCAATTGC,CTTGGTCATTTAGAGGAAGTAA,GCTGCGTTCTTCATCGATGC,Fungi,SY,Upland,Level3,4910,SYUDay30L31
SYUDay30L32,CCGCTGCT,CTTGGTCATTTAGAGGAAGTAA,GCTGCGTTCTTCATCGATGC,Fungi,SY,Upland,Level3,4910,SYUDay30L32
SYUDay30L33,CGATATTG,CTTGGTCATTTAGAGGAAGTAA,GCTGCGTTCTTCATCGATGC,Fungi,SY,Upland,Level3,4910,SYUDay30L33
SYUDay30L34,CTCCGATC,CTTGGTCATTTAGAGGAAGTAA,GCTGCGTTCTTCATCGATGC,Fungi,SY,Upland,Level3,4910,SYUDay30L34
SYUDay30L35,CTCTCGGT,CTTGGTCATTTAGAGGAAGTAA,GCTGCGTTCTTCATCGATGC,Fungi,SY,Upland,Level3,4910,SYUDay30L35
SYUDay30L36,GCAAGGTT,CTTGGTCATTTAGAGGAAGTAA,GCTGCGTTCTTCATCGATGC,Fungi,SY,Upland,Level3,4910,SYUDay30L36
SYUDay30L41,GCGTATAT,CTTGGTCATTTAGAGGAAGTAA,GCTGCGTTCTTCATCGATGC,Fungi,SY,Upland,Level4,49100,SYUDay30L41
SYUDay30L42,GGAGTCGG,CTTGGTCATTTAGAGGAAGTAA,GCTGCGTTCTTCATCGATGC,Fungi,SY,Upland,Level4,49100,SYUDay30L42
SYUDay30L43,GGCCTTCC,CTTGGTCATTTAGAGGAAGTAA,GCTGCGTTCTTCATCGATGC,Fungi,SY,Upland,Level4,49100,SYUDay30L43
SYUDay30L44,GGTTAAGC,CTTGGTCATTTAGAGGAAGTAA,GCTGCGTTCTTCATCGATGC,Fungi,SY,Upland,Level4,49100,SYUDay30L44
SYUDay30L45,TAACGCTG,CTTGGTCATTTAGAGGAAGTAA,GCTGCGTTCTTCATCGATGC,Fungi,SY,Upland,Level4,49100,SYUDay30L45
SYUDay30L46,TATGAACG,CTTGGTCATTTAGAGGAAGTAA,GCTGCGTTCTTCATCGATGC,Fungi,SY,Upland,Level4,49100,SYUDay30L46
SYUDay30L51,TCCGGCGT,CTTGGTCATTTAGAGGAAGTAA,GCTGCGTTCTTCATCGATGC,Fungi,SY,Upland,Level5,147000,SYUDay30L51
SYUDay30L52,TCCTTAAC,CTTGGTCATTTAGAGGAAGTAA,GCTGCGTTCTTCATCGATGC,Fungi,SY,Upland,Level5,147000,SYUDay30L52
SYUDay30L53,TCTACTCT,CTTGGTCATTTAGAGGAAGTAA,GCTGCGTTCTTCATCGATGC,Fungi,SY,Upland,Level5,147000,SYUDay30L53
SYUDay30L54,TGAGCGAT,CTTGGTCATTTAGAGGAAGTAA,GCTGCGTTCTTCATCGATGC,Fungi,SY,Upland,Level5,147000,SYUDay30L54
SYUDay30L55,TTAAGTAA,CTTGGTCATTTAGAGGAAGTAA,GCTGCGTTCTTCATCGATGC,Fungi,SY,Upland,Level5,147000,SYUDay30L55
SYUDay30L56,TTACTAGT,CTTGGTCATTTAGAGGAAGTAA,GCTGCGTTCTTCATCGATGC,Fungi,SY,Upland,Level5,147000,SYUDay30L56
SYUDay30L61,TTCATCCG,CTTGGTCATTTAGAGGAAGTAA,GCTGCGTTCTTCATCGATGC,Fungi,SY,Upland,Level6,442000,SYUDay30L61
SYUDay30L62,TTGCAGAC,CTTGGTCATTTAGAGGAAGTAA,GCTGCGTTCTTCATCGATGC,Fungi,SY,Upland,Level6,442000,SYUDay30L62
SYUDay30L63,TTGGCTTG,CTTGGTCATTTAGAGGAAGTAA,GCTGCGTTCTTCATCGATGC,Fungi,SY,Upland,Level6,442000,SYUDay30L63
SYUDay30L64,CCATCCTT,CTTGGTCATTTAGAGGAAGTAA,GCTGCGTTCTTCATCGATGC,Fungi,SY,Upland,Level6,442000,SYUDay30L64
SYUDay30L65,AACGTTAC,CTTGGTCATTTAGAGGAAGTAA,GCTGCGTTCTTCATCGATGC,Fungi,SY,Upland,Level6,442000,SYUDay30L65
SYUDay30L66,AATTGCCG,CTTGGTCATTTAGAGGAAGTAA,GCTGCGTTCTTCATCGATGC,Fungi,SY,Upland,Level6,442000,SYUDay30L66
SYUDay30L71,AGAGAACT,CTTGGTCATTTAGAGGAAGTAA,GCTGCGTTCTTCATCGATGC,Fungi,SY,Upland,Level7,1330000,SYUDay30L71
SYUDay30L72,CAGCCGTT,CTTGGTCATTTAGAGGAAGTAA,GCTGCGTTCTTCATCGATGC,Fungi,SY,Upland,Level7,1330000,SYUDay30L72
SYUDay30L73,CCAATCAG,CTTGGTCATTTAGAGGAAGTAA,GCTGCGTTCTTCATCGATGC,Fungi,SY,Upland,Level7,1330000,SYUDay30L73
SYUDay30L74,CCTTAGGC,CTTGGTCATTTAGAGGAAGTAA,GCTGCGTTCTTCATCGATGC,Fungi,SY,Upland,Level7,1330000,SYUDay30L74
SYUDay30L75,GGATCTTG,CTTGGTCATTTAGAGGAAGTAA,GCTGCGTTCTTCATCGATGC,Fungi,SY,Upland,Level7,1330000,SYUDay30L75
SYUDay30L76,TCCGCGCG,CTTGGTCATTTAGAGGAAGTAA,GCTGCGTTCTTCATCGATGC,Fungi,SY,Upland,Level7,1330000,SYUDay30L76
SYUDay30L81,TCTAGATT,CTTGGTCATTTAGAGGAAGTAA,GCTGCGTTCTTCATCGATGC,Fungi,SY,Upland,Level8,3980000,SYUDay30L81
SYUDay30L82,TTACCAAC,CTTGGTCATTTAGAGGAAGTAA,GCTGCGTTCTTCATCGATGC,Fungi,SY,Upland,Level8,3980000,SYUDay30L82
SYUDay30L83,TTCTTCTA,CTTGGTCATTTAGAGGAAGTAA,GCTGCGTTCTTCATCGATGC,Fungi,SY,Upland,Level8,3980000,SYUDay30L83
SYUDay30L84,TTGAATGG,CTTGGTCATTTAGAGGAAGTAA,GCTGCGTTCTTCATCGATGC,Fungi,SY,Upland,Level8,3980000,SYUDay30L84
SYUDay30L85,TAGAACAC,CTTGGTCATTTAGAGGAAGTAA,GCTGCGTTCTTCATCGATGC,Fungi,SY,Upland,Level8,3980000,SYUDay30L85
SYUDay30L86,CGATGTTT,CTTGGTCATTTAGAGGAAGTAA,GCTGCGTTCTTCATCGATGC,Fungi,SY,Upland,Level8,3980000,SYUDay30L86
SYUDay30L91,TGACAGAC,CTTGGTCATTTAGAGGAAGTAA,GCTGCGTTCTTCATCGATGC,Fungi,SY,Upland,Level9,19900000,SYUDay30L91
SYUDay30L92,TGGTTGTT,CTTGGTCATTTAGAGGAAGTAA,GCTGCGTTCTTCATCGATGC,Fungi,SY,Upland,Level9,19900000,SYUDay30L92
SYUDay30L93,TTGGTATG,CTTGGTCATTTAGAGGAAGTAA,GCTGCGTTCTTCATCGATGC,Fungi,SY,Upland,Level9,19900000,SYUDay30L93
SYUDay30L94,TTGTTCCA,CTTGGTCATTTAGAGGAAGTAA,GCTGCGTTCTTCATCGATGC,Fungi,SY,Upland,Level9,19900000,SYUDay30L94
SYUDay30L95,TTCTGTGT,CTTGGTCATTTAGAGGAAGTAA,GCTGCGTTCTTCATCGATGC,Fungi,SY,Upland,Level9,19900000,SYUDay30L95
SYUDay30L96,TGCTGATA,CTTGGTCATTTAGAGGAAGTAA,GCTGCGTTCTTCATCGATGC,Fungi,SY,Upland,Level9,19900000,SYUDay30L96
HLPDay0CK1,AACCGGAT,CTTGGTCATTTAGAGGAAGTAA,GCTGCGTTCTTCATCGATGC,Fungi,HL,Paddy,Control,0,HLPDay0CK1
HLPDay0CK2,AACTACGG,CTTGGTCATTTAGAGGAAGTAA,GCTGCGTTCTTCATCGATGC,Fungi,HL,Paddy,Control,0,HLPDay0CK2
HLPDay0CK3,AAGACGCG,CTTGGTCATTTAGAGGAAGTAA,GCTGCGTTCTTCATCGATGC,Fungi,HL,Paddy,Control,0,HLPDay0CK3
HLPDay0CK4,AAGGTAGC,CTTGGTCATTTAGAGGAAGTAA,GCTGCGTTCTTCATCGATGC,Fungi,HL,Paddy,Control,0,HLPDay0CK4
HLPDay0CK5,AATAATAC,CTTGGTCATTTAGAGGAAGTAA,GCTGCGTTCTTCATCGATGC,Fungi,HL,Paddy,Control,0,HLPDay0CK5
HLPDay0CK6,AATCTCCA,CTTGGTCATTTAGAGGAAGTAA,GCTGCGTTCTTCATCGATGC,Fungi,HL,Paddy,Control,0,HLPDay0CK6
HLPDay0L11,AATTCATT,CTTGGTCATTTAGAGGAAGTAA,GCTGCGTTCTTCATCGATGC,Fungi,HL,Paddy,Level1,49.1,HLPDay0L11
HLPDay0L12,ACGCAATG,CTTGGTCATTTAGAGGAAGTAA,GCTGCGTTCTTCATCGATGC,Fungi,HL,Paddy,Level1,49.1,HLPDay0L12
HLPDay0L13,ACTGCCAG,CTTGGTCATTTAGAGGAAGTAA,GCTGCGTTCTTCATCGATGC,Fungi,HL,Paddy,Level1,49.1,HLPDay0L13
HLPDay0L14,ACTTGGCC,CTTGGTCATTTAGAGGAAGTAA,GCTGCGTTCTTCATCGATGC,Fungi,HL,Paddy,Level1,49.1,HLPDay0L14
HLPDay0L15,AGCGAGTC,CTTGGTCATTTAGAGGAAGTAA,GCTGCGTTCTTCATCGATGC,Fungi,HL,Paddy,Level1,49.1,HLPDay0L15
HLPDay0L16,AGGATCAT,CTTGGTCATTTAGAGGAAGTAA,GCTGCGTTCTTCATCGATGC,Fungi,HL,Paddy,Level1,49.1,HLPDay0L16
HLPDay0L21,ATAACCTC,CTTGGTCATTTAGAGGAAGTAA,GCTGCGTTCTTCATCGATGC,Fungi,HL,Paddy,Level2,491,HLPDay0L21
HLPDay0L22,ATAGATCT,CTTGGTCATTTAGAGGAAGTAA,GCTGCGTTCTTCATCGATGC,Fungi,HL,Paddy,Level2,491,HLPDay0L22
HLPDay0L23,ATATTGAG,CTTGGTCATTTAGAGGAAGTAA,GCTGCGTTCTTCATCGATGC,Fungi,HL,Paddy,Level2,491,HLPDay0L23
HLPDay0L24,ATTAGAGG,CTTGGTCATTTAGAGGAAGTAA,GCTGCGTTCTTCATCGATGC,Fungi,HL,Paddy,Level2,491,HLPDay0L24
HLPDay0L25,CAGGACTT,CTTGGTCATTTAGAGGAAGTAA,GCTGCGTTCTTCATCGATGC,Fungi,HL,Paddy,Level2,491,HLPDay0L25
HLPDay0L31,CCAATTGC,CTTGGTCATTTAGAGGAAGTAA,GCTGCGTTCTTCATCGATGC,Fungi,HL,Paddy,Level3,4910,HLPDay0L31
HLPDay0L32,CCGCTGCT,CTTGGTCATTTAGAGGAAGTAA,GCTGCGTTCTTCATCGATGC,Fungi,HL,Paddy,Level3,4910,HLPDay0L32
HLPDay0L33,CGATATTG,CTTGGTCATTTAGAGGAAGTAA,GCTGCGTTCTTCATCGATGC,Fungi,HL,Paddy,Level3,4910,HLPDay0L33
HLPDay0L34,CTCCGATC,CTTGGTCATTTAGAGGAAGTAA,GCTGCGTTCTTCATCGATGC,Fungi,HL,Paddy,Level3,4910,HLPDay0L34
HLPDay0L35,CTCTCGGT,CTTGGTCATTTAGAGGAAGTAA,GCTGCGTTCTTCATCGATGC,Fungi,HL,Paddy,Level3,4910,HLPDay0L35
HLPDay0L36,GCAAGGTT,CTTGGTCATTTAGAGGAAGTAA,GCTGCGTTCTTCATCGATGC,Fungi,HL,Paddy,Level3,4910,HLPDay0L36
HLPDay0L41,GCGTATAT,CTTGGTCATTTAGAGGAAGTAA,GCTGCGTTCTTCATCGATGC,Fungi,HL,Paddy,Level4,49100,HLPDay0L41
HLPDay0L42,GGAGTCGG,CTTGGTCATTTAGAGGAAGTAA,GCTGCGTTCTTCATCGATGC,Fungi,HL,Paddy,Level4,49100,HLPDay0L42
HLPDay0L43,GGCCTTCC,CTTGGTCATTTAGAGGAAGTAA,GCTGCGTTCTTCATCGATGC,Fungi,HL,Paddy,Level4,49100,HLPDay0L43
HLPDay0L44,GGTTAAGC,CTTGGTCATTTAGAGGAAGTAA,GCTGCGTTCTTCATCGATGC,Fungi,HL,Paddy,Level4,49100,HLPDay0L44
HLPDay0L45,TAACGCTG,CTTGGTCATTTAGAGGAAGTAA,GCTGCGTTCTTCATCGATGC,Fungi,HL,Paddy,Level4,49100,HLPDay0L45
HLPDay0L46,TATGAACG,CTTGGTCATTTAGAGGAAGTAA,GCTGCGTTCTTCATCGATGC,Fungi,HL,Paddy,Level4,49100,HLPDay0L46
HLPDay0L51,TCCGGCGT,CTTGGTCATTTAGAGGAAGTAA,GCTGCGTTCTTCATCGATGC,Fungi,HL,Paddy,Level5,147000,HLPDay0L51
HLPDay0L52,TCCTTAAC,CTTGGTCATTTAGAGGAAGTAA,GCTGCGTTCTTCATCGATGC,Fungi,HL,Paddy,Level5,147000,HLPDay0L52
HLPDay0L53,TCTACTCT,CTTGGTCATTTAGAGGAAGTAA,GCTGCGTTCTTCATCGATGC,Fungi,HL,Paddy,Level5,147000,HLPDay0L53
HLPDay0L54,TGAGCGAT,CTTGGTCATTTAGAGGAAGTAA,GCTGCGTTCTTCATCGATGC,Fungi,HL,Paddy,Level5,147000,HLPDay0L54
HLPDay0L55,TTAAGTAA,CTTGGTCATTTAGAGGAAGTAA,GCTGCGTTCTTCATCGATGC,Fungi,HL,Paddy,Level5,147000,HLPDay0L55
HLPDay0L56,TTACTAGT,CTTGGTCATTTAGAGGAAGTAA,GCTGCGTTCTTCATCGATGC,Fungi,HL,Paddy,Level5,147000,HLPDay0L56
HLPDay0L61,TTCATCCG,CTTGGTCATTTAGAGGAAGTAA,GCTGCGTTCTTCATCGATGC,Fungi,HL,Paddy,Level6,442000,HLPDay0L61
HLPDay0L62,TTGCAGAC,CTTGGTCATTTAGAGGAAGTAA,GCTGCGTTCTTCATCGATGC,Fungi,HL,Paddy,Level6,442000,HLPDay0L62
HLPDay0L63,TTGGCTTG,CTTGGTCATTTAGAGGAAGTAA,GCTGCGTTCTTCATCGATGC,Fungi,HL,Paddy,Level6,442000,HLPDay0L63
HLPDay0L64,CCATCCTT,CTTGGTCATTTAGAGGAAGTAA,GCTGCGTTCTTCATCGATGC,Fungi,HL,Paddy,Level6,442000,HLPDay0L64
HLPDay0L65,AACGTTAC,CTTGGTCATTTAGAGGAAGTAA,GCTGCGTTCTTCATCGATGC,Fungi,HL,Paddy,Level6,442000,HLPDay0L65
HLPDay0L66,AATTGCCG,CTTGGTCATTTAGAGGAAGTAA,GCTGCGTTCTTCATCGATGC,Fungi,HL,Paddy,Level6,442000,HLPDay0L66
HLPDay0L71,AGAGAACT,CTTGGTCATTTAGAGGAAGTAA,GCTGCGTTCTTCATCGATGC,Fungi,HL,Paddy,Level7,1330000,HLPDay0L71
HLPDay0L72,CAGCCGTT,CTTGGTCATTTAGAGGAAGTAA,GCTGCGTTCTTCATCGATGC,Fungi,HL,Paddy,Level7,1330000,HLPDay0L72
HLPDay0L73,CCAATCAG,CTTGGTCATTTAGAGGAAGTAA,GCTGCGTTCTTCATCGATGC,Fungi,HL,Paddy,Level7,1330000,HLPDay0L73
HLPDay0L74,CCTTAGGC,CTTGGTCATTTAGAGGAAGTAA,GCTGCGTTCTTCATCGATGC,Fungi,HL,Paddy,Level7,1330000,HLPDay0L74
HLPDay0L75,GGATCTTG,CTTGGTCATTTAGAGGAAGTAA,GCTGCGTTCTTCATCGATGC,Fungi,HL,Paddy,Level7,1330000,HLPDay0L75
HLPDay0L76,TCCGCGCG,CTTGGTCATTTAGAGGAAGTAA,GCTGCGTTCTTCATCGATGC,Fungi,HL,Paddy,Level7,1330000,HLPDay0L76
HLPDay0L81,TCTAGATT,CTTGGTCATTTAGAGGAAGTAA,GCTGCGTTCTTCATCGATGC,Fungi,HL,Paddy,Level8,3980000,HLPDay0L81
HLPDay0L82,TTACCAAC,CTTGGTCATTTAGAGGAAGTAA,GCTGCGTTCTTCATCGATGC,Fungi,HL,Paddy,Level8,3980000,HLPDay0L82
HLPDay0L83,TTCTTCTA,CTTGGTCATTTAGAGGAAGTAA,GCTGCGTTCTTCATCGATGC,Fungi,HL,Paddy,Level8,3980000,HLPDay0L83
HLPDay0L84,TTGAATGG,CTTGGTCATTTAGAGGAAGTAA,GCTGCGTTCTTCATCGATGC,Fungi,HL,Paddy,Level8,3980000,HLPDay0L84
HLPDay0L85,TAGAACAC,CTTGGTCATTTAGAGGAAGTAA,GCTGCGTTCTTCATCGATGC,Fungi,HL,Paddy,Level8,3980000,HLPDay0L85
HLPDay0L86,CGATGTTT,CTTGGTCATTTAGAGGAAGTAA,GCTGCGTTCTTCATCGATGC,Fungi,HL,Paddy,Level8,3980000,HLPDay0L86
HLPDay0L91,TGACAGAC,CTTGGTCATTTAGAGGAAGTAA,GCTGCGTTCTTCATCGATGC,Fungi,HL,Paddy,Level9,19900000,HLPDay0L91
HLPDay0L92,TGGTTGTT,CTTGGTCATTTAGAGGAAGTAA,GCTGCGTTCTTCATCGATGC,Fungi,HL,Paddy,Level9,19900000,HLPDay0L92
HLPDay0L93,TTGGTATG,CTTGGTCATTTAGAGGAAGTAA,GCTGCGTTCTTCATCGATGC,Fungi,HL,Paddy,Level9,19900000,HLPDay0L93
HLPDay0L94,TTGTTCCA,CTTGGTCATTTAGAGGAAGTAA,GCTGCGTTCTTCATCGATGC,Fungi,HL,Paddy,Level9,19900000,HLPDay0L94
HLPDay0L95,TTCTGTGT,CTTGGTCATTTAGAGGAAGTAA,GCTGCGTTCTTCATCGATGC,Fungi,HL,Paddy,Level9,19900000,HLPDay0L95
HLPDay0L96,TGCTGATA,CTTGGTCATTTAGAGGAAGTAA,GCTGCGTTCTTCATCGATGC,Fungi,HL,Paddy,Level9,19900000,HLPDay0L96
HLPDay7CK1,AACCGGAT,CTTGGTCATTTAGAGGAAGTAA,GCTGCGTTCTTCATCGATGC,Fungi,HL,Paddy,Control,0,HLPDay7CK1
HLPDay7CK2,AACTACGG,CTTGGTCATTTAGAGGAAGTAA,GCTGCGTTCTTCATCGATGC,Fungi,HL,Paddy,Control,0,HLPDay7CK2
HLPDay7CK3,AAGACGCG,CTTGGTCATTTAGAGGAAGTAA,GCTGCGTTCTTCATCGATGC,Fungi,HL,Paddy,Control,0,HLPDay7CK3
HLPDay7CK4,AAGGTAGC,CTTGGTCATTTAGAGGAAGTAA,GCTGCGTTCTTCATCGATGC,Fungi,HL,Paddy,Control,0,HLPDay7CK4
HLPDay7CK5,AATAATAC,CTTGGTCATTTAGAGGAAGTAA,GCTGCGTTCTTCATCGATGC,Fungi,HL,Paddy,Control,0,HLPDay7CK5
HLPDay7CK6,AATCTCCA,CTTGGTCATTTAGAGGAAGTAA,GCTGCGTTCTTCATCGATGC,Fungi,HL,Paddy,Control,0,HLPDay7CK6
HLPDay7L11,AATTCATT,CTTGGTCATTTAGAGGAAGTAA,GCTGCGTTCTTCATCGATGC,Fungi,HL,Paddy,Level1,49.1,HLPDay7L11
HLPDay7L12,ACGCAATG,CTTGGTCATTTAGAGGAAGTAA,GCTGCGTTCTTCATCGATGC,Fungi,HL,Paddy,Level1,49.1,HLPDay7L12
HLPDay7L13,ACTGCCAG,CTTGGTCATTTAGAGGAAGTAA,GCTGCGTTCTTCATCGATGC,Fungi,HL,Paddy,Level1,49.1,HLPDay7L13
HLPDay7L14,ACTTGGCC,CTTGGTCATTTAGAGGAAGTAA,GCTGCGTTCTTCATCGATGC,Fungi,HL,Paddy,Level1,49.1,HLPDay7L14
HLPDay7L15,AGCGAGTC,CTTGGTCATTTAGAGGAAGTAA,GCTGCGTTCTTCATCGATGC,Fungi,HL,Paddy,Level1,49.1,HLPDay7L15
HLPDay7L16,AGGATCAT,CTTGGTCATTTAGAGGAAGTAA,GCTGCGTTCTTCATCGATGC,Fungi,HL,Paddy,Level1,49.1,HLPDay7L16
HLPDay7L21,ATAACCTC,CTTGGTCATTTAGAGGAAGTAA,GCTGCGTTCTTCATCGATGC,Fungi,HL,Paddy,Level2,491,HLPDay7L21
HLPDay7L22,ATAGATCT,CTTGGTCATTTAGAGGAAGTAA,GCTGCGTTCTTCATCGATGC,Fungi,HL,Paddy,Level2,491,HLPDay7L22
HLPDay7L23,ATATTGAG,CTTGGTCATTTAGAGGAAGTAA,GCTGCGTTCTTCATCGATGC,Fungi,HL,Paddy,Level2,491,HLPDay7L23
HLPDay7L24,ATTAGAGG,CTTGGTCATTTAGAGGAAGTAA,GCTGCGTTCTTCATCGATGC,Fungi,HL,Paddy,Level2,491,HLPDay7L24
HLPDay7L25,CAGGACTT,CTTGGTCATTTAGAGGAAGTAA,GCTGCGTTCTTCATCGATGC,Fungi,HL,Paddy,Level2,491,HLPDay7L25
HLPDay7L26,CATCCTGG,CTTGGTCATTTAGAGGAAGTAA,GCTGCGTTCTTCATCGATGC,Fungi,HL,Paddy,Level2,491,HLPDay7L26
HLPDay7L31,CCAATTGC,CTTGGTCATTTAGAGGAAGTAA,GCTGCGTTCTTCATCGATGC,Fungi,HL,Paddy,Level3,4910,HLPDay7L31
HLPDay7L32,CCGCTGCT,CTTGGTCATTTAGAGGAAGTAA,GCTGCGTTCTTCATCGATGC,Fungi,HL,Paddy,Level3,4910,HLPDay7L32
HLPDay7L33,CGATATTG,CTTGGTCATTTAGAGGAAGTAA,GCTGCGTTCTTCATCGATGC,Fungi,HL,Paddy,Level3,4910,HLPDay7L33
HLPDay7L34,CTCCGATC,CTTGGTCATTTAGAGGAAGTAA,GCTGCGTTCTTCATCGATGC,Fungi,HL,Paddy,Level3,4910,HLPDay7L34
HLPDay7L35,CTCTCGGT,CTTGGTCATTTAGAGGAAGTAA,GCTGCGTTCTTCATCGATGC,Fungi,HL,Paddy,Level3,4910,HLPDay7L35
HLPDay7L36,GCAAGGTT,CTTGGTCATTTAGAGGAAGTAA,GCTGCGTTCTTCATCGATGC,Fungi,HL,Paddy,Level3,4910,HLPDay7L36
HLPDay7L41,GCGTATAT,CTTGGTCATTTAGAGGAAGTAA,GCTGCGTTCTTCATCGATGC,Fungi,HL,Paddy,Level4,49100,HLPDay7L41
HLPDay7L42,GGAGTCGG,CTTGGTCATTTAGAGGAAGTAA,GCTGCGTTCTTCATCGATGC,Fungi,HL,Paddy,Level4,49100,HLPDay7L42
HLPDay7L43,GGCCTTCC,CTTGGTCATTTAGAGGAAGTAA,GCTGCGTTCTTCATCGATGC,Fungi,HL,Paddy,Level4,49100,HLPDay7L43
HLPDay7L44,GGTTAAGC,CTTGGTCATTTAGAGGAAGTAA,GCTGCGTTCTTCATCGATGC,Fungi,HL,Paddy,Level4,49100,HLPDay7L44
HLPDay7L45,TAACGCTG,CTTGGTCATTTAGAGGAAGTAA,GCTGCGTTCTTCATCGATGC,Fungi,HL,Paddy,Level4,49100,HLPDay7L45
HLPDay7L46,TATGAACG,CTTGGTCATTTAGAGGAAGTAA,GCTGCGTTCTTCATCGATGC,Fungi,HL,Paddy,Level4,49100,HLPDay7L46
HLPDay7L51,TCCGGCGT,CTTGGTCATTTAGAGGAAGTAA,GCTGCGTTCTTCATCGATGC,Fungi,HL,Paddy,Level5,147000,HLPDay7L51
HLPDay7L52,TCCTTAAC,CTTGGTCATTTAGAGGAAGTAA,GCTGCGTTCTTCATCGATGC,Fungi,HL,Paddy,Level5,147000,HLPDay7L52
HLPDay7L53,TCTACTCT,CTTGGTCATTTAGAGGAAGTAA,GCTGCGTTCTTCATCGATGC,Fungi,HL,Paddy,Level5,147000,HLPDay7L53
HLPDay7L54,TGAGCGAT,CTTGGTCATTTAGAGGAAGTAA,GCTGCGTTCTTCATCGATGC,Fungi,HL,Paddy,Level5,147000,HLPDay7L54
HLPDay7L55,TTAAGTAA,CTTGGTCATTTAGAGGAAGTAA,GCTGCGTTCTTCATCGATGC,Fungi,HL,Paddy,Level5,147000,HLPDay7L55
HLPDay7L56,TTACTAGT,CTTGGTCATTTAGAGGAAGTAA,GCTGCGTTCTTCATCGATGC,Fungi,HL,Paddy,Level5,147000,HLPDay7L56
HLPDay7L61,TTCATCCG,CTTGGTCATTTAGAGGAAGTAA,GCTGCGTTCTTCATCGATGC,Fungi,HL,Paddy,Level6,442000,HLPDay7L61
HLPDay7L62,TTGCAGAC,CTTGGTCATTTAGAGGAAGTAA,GCTGCGTTCTTCATCGATGC,Fungi,HL,Paddy,Level6,442000,HLPDay7L62
HLPDay7L63,TTGGCTTG,CTTGGTCATTTAGAGGAAGTAA,GCTGCGTTCTTCATCGATGC,Fungi,HL,Paddy,Level6,442000,HLPDay7L63
HLPDay7L64,CCATCCTT,CTTGGTCATTTAGAGGAAGTAA,GCTGCGTTCTTCATCGATGC,Fungi,HL,Paddy,Level6,442000,HLPDay7L64
HLPDay7L65,AACGTTAC,CTTGGTCATTTAGAGGAAGTAA,GCTGCGTTCTTCATCGATGC,Fungi,HL,Paddy,Level6,442000,HLPDay7L65
HLPDay7L66,AATTGCCG,CTTGGTCATTTAGAGGAAGTAA,GCTGCGTTCTTCATCGATGC,Fungi,HL,Paddy,Level6,442000,HLPDay7L66
HLPDay7L71,AGAGAACT,CTTGGTCATTTAGAGGAAGTAA,GCTGCGTTCTTCATCGATGC,Fungi,HL,Paddy,Level7,1330000,HLPDay7L71
HLPDay7L72,CAGCCGTT,CTTGGTCATTTAGAGGAAGTAA,GCTGCGTTCTTCATCGATGC,Fungi,HL,Paddy,Level7,1330000,HLPDay7L72
HLPDay7L73,CCAATCAG,CTTGGTCATTTAGAGGAAGTAA,GCTGCGTTCTTCATCGATGC,Fungi,HL,Paddy,Level7,1330000,HLPDay7L73
HLPDay7L74,CCTTAGGC,CTTGGTCATTTAGAGGAAGTAA,GCTGCGTTCTTCATCGATGC,Fungi,HL,Paddy,Level7,1330000,HLPDay7L74
HLPDay7L75,GGATCTTG,CTTGGTCATTTAGAGGAAGTAA,GCTGCGTTCTTCATCGATGC,Fungi,HL,Paddy,Level7,1330000,HLPDay7L75
HLPDay7L76,TCCGCGCG,CTTGGTCATTTAGAGGAAGTAA,GCTGCGTTCTTCATCGATGC,Fungi,HL,Paddy,Level7,1330000,HLPDay7L76
HLPDay7L81,TCTAGATT,CTTGGTCATTTAGAGGAAGTAA,GCTGCGTTCTTCATCGATGC,Fungi,HL,Paddy,Level8,3980000,HLPDay7L81
HLPDay7L82,TTACCAAC,CTTGGTCATTTAGAGGAAGTAA,GCTGCGTTCTTCATCGATGC,Fungi,HL,Paddy,Level8,3980000,HLPDay7L82
HLPDay7L83,TTCTTCTA,CTTGGTCATTTAGAGGAAGTAA,GCTGCGTTCTTCATCGATGC,Fungi,HL,Paddy,Level8,3980000,HLPDay7L83
HLPDay7L84,TTGAATGG,CTTGGTCATTTAGAGGAAGTAA,GCTGCGTTCTTCATCGATGC,Fungi,HL,Paddy,Level8,3980000,HLPDay7L84
HLPDay7L85,TAGAACAC,CTTGGTCATTTAGAGGAAGTAA,GCTGCGTTCTTCATCGATGC,Fungi,HL,Paddy,Level8,3980000,HLPDay7L85
HLPDay7L86,CGATGTTT,CTTGGTCATTTAGAGGAAGTAA,GCTGCGTTCTTCATCGATGC,Fungi,HL,Paddy,Level8,3980000,HLPDay7L86
HLPDay7L91,TGACAGAC,CTTGGTCATTTAGAGGAAGTAA,GCTGCGTTCTTCATCGATGC,Fungi,HL,Paddy,Level9,19900000,HLPDay7L91
HLPDay7L92,TGGTTGTT,CTTGGTCATTTAGAGGAAGTAA,GCTGCGTTCTTCATCGATGC,Fungi,HL,Paddy,Level9,19900000,HLPDay7L92
HLPDay7L93,TTGGTATG,CTTGGTCATTTAGAGGAAGTAA,GCTGCGTTCTTCATCGATGC,Fungi,HL,Paddy,Level9,19900000,HLPDay7L93
HLPDay7L94,TTGTTCCA,CTTGGTCATTTAGAGGAAGTAA,GCTGCGTTCTTCATCGATGC,Fungi,HL,Paddy,Level9,19900000,HLPDay7L94
HLPDay7L95,TTCTGTGT,CTTGGTCATTTAGAGGAAGTAA,GCTGCGTTCTTCATCGATGC,Fungi,HL,Paddy,Level9,19900000,HLPDay7L95
HLPDay7L96,TGCTGATA,CTTGGTCATTTAGAGGAAGTAA,GCTGCGTTCTTCATCGATGC,Fungi,HL,Paddy,Level9,19900000,HLPDay7L96
HLPDay30CK1,AACCGGAT,CTTGGTCATTTAGAGGAAGTAA,GCTGCGTTCTTCATCGATGC,Fungi,HL,Paddy,Control,0,HLPDay30CK1
HLPDay30CK2,AACTACGG,CTTGGTCATTTAGAGGAAGTAA,GCTGCGTTCTTCATCGATGC,Fungi,HL,Paddy,Control,0,HLPDay30CK2
HLPDay30CK3,AAGACGCG,CTTGGTCATTTAGAGGAAGTAA,GCTGCGTTCTTCATCGATGC,Fungi,HL,Paddy,Control,0,HLPDay30CK3
HLPDay30CK4,AAGGTAGC,CTTGGTCATTTAGAGGAAGTAA,GCTGCGTTCTTCATCGATGC,Fungi,HL,Paddy,Control,0,HLPDay30CK4
HLPDay30CK5,AATAATAC,CTTGGTCATTTAGAGGAAGTAA,GCTGCGTTCTTCATCGATGC,Fungi,HL,Paddy,Control,0,HLPDay30CK5
HLPDay30CK6,AATCTCCA,CTTGGTCATTTAGAGGAAGTAA,GCTGCGTTCTTCATCGATGC,Fungi,HL,Paddy,Control,0,HLPDay30CK6
HLPDay30L11,AATTCATT,CTTGGTCATTTAGAGGAAGTAA,GCTGCGTTCTTCATCGATGC,Fungi,HL,Paddy,Level1,49.1,HLPDay30L11
HLPDay30L12,ACGCAATG,CTTGGTCATTTAGAGGAAGTAA,GCTGCGTTCTTCATCGATGC,Fungi,HL,Paddy,Level1,49.1,HLPDay30L12
HLPDay30L13,ACTGCCAG,CTTGGTCATTTAGAGGAAGTAA,GCTGCGTTCTTCATCGATGC,Fungi,HL,Paddy,Level1,49.1,HLPDay30L13
HLPDay30L14,ACTTGGCC,CTTGGTCATTTAGAGGAAGTAA,GCTGCGTTCTTCATCGATGC,Fungi,HL,Paddy,Level1,49.1,HLPDay30L14
HLPDay30L21,ATAACCTC,CTTGGTCATTTAGAGGAAGTAA,GCTGCGTTCTTCATCGATGC,Fungi,HL,Paddy,Level2,491,HLPDay30L21
HLPDay30L22,ATAGATCT,CTTGGTCATTTAGAGGAAGTAA,GCTGCGTTCTTCATCGATGC,Fungi,HL,Paddy,Level2,491,HLPDay30L22
HLPDay30L23,ATATTGAG,CTTGGTCATTTAGAGGAAGTAA,GCTGCGTTCTTCATCGATGC,Fungi,HL,Paddy,Level2,491,HLPDay30L23
HLPDay30L24,ATTAGAGG,CTTGGTCATTTAGAGGAAGTAA,GCTGCGTTCTTCATCGATGC,Fungi,HL,Paddy,Level2,491,HLPDay30L24
HLPDay30L25,CAGGACTT,CTTGGTCATTTAGAGGAAGTAA,GCTGCGTTCTTCATCGATGC,Fungi,HL,Paddy,Level2,491,HLPDay30L25
HLPDay30L26,CATCCTGG,CTTGGTCATTTAGAGGAAGTAA,GCTGCGTTCTTCATCGATGC,Fungi,HL,Paddy,Level2,491,HLPDay30L26
HLPDay30L31,CCAATTGC,CTTGGTCATTTAGAGGAAGTAA,GCTGCGTTCTTCATCGATGC,Fungi,HL,Paddy,Level3,4910,HLPDay30L31
HLPDay30L32,CCGCTGCT,CTTGGTCATTTAGAGGAAGTAA,GCTGCGTTCTTCATCGATGC,Fungi,HL,Paddy,Level3,4910,HLPDay30L32
HLPDay30L33,CGATATTG,CTTGGTCATTTAGAGGAAGTAA,GCTGCGTTCTTCATCGATGC,Fungi,HL,Paddy,Level3,4910,HLPDay30L33
HLPDay30L34,CTCCGATC,CTTGGTCATTTAGAGGAAGTAA,GCTGCGTTCTTCATCGATGC,Fungi,HL,Paddy,Level3,4910,HLPDay30L34
HLPDay30L35,CTCTCGGT,CTTGGTCATTTAGAGGAAGTAA,GCTGCGTTCTTCATCGATGC,Fungi,HL,Paddy,Level3,4910,HLPDay30L35
HLPDay30L36,GCAAGGTT,CTTGGTCATTTAGAGGAAGTAA,GCTGCGTTCTTCATCGATGC,Fungi,HL,Paddy,Level3,4910,HLPDay30L36
HLPDay30L41,GCGTATAT,CTTGGTCATTTAGAGGAAGTAA,GCTGCGTTCTTCATCGATGC,Fungi,HL,Paddy,Level4,49100,HLPDay30L41
HLPDay30L42,GGAGTCGG,CTTGGTCATTTAGAGGAAGTAA,GCTGCGTTCTTCATCGATGC,Fungi,HL,Paddy,Level4,49100,HLPDay30L42
HLPDay30L43,GGCCTTCC,CTTGGTCATTTAGAGGAAGTAA,GCTGCGTTCTTCATCGATGC,Fungi,HL,Paddy,Level4,49100,HLPDay30L43
HLPDay30L44,GGTTAAGC,CTTGGTCATTTAGAGGAAGTAA,GCTGCGTTCTTCATCGATGC,Fungi,HL,Paddy,Level4,49100,HLPDay30L44
HLPDay30L45,TAACGCTG,CTTGGTCATTTAGAGGAAGTAA,GCTGCGTTCTTCATCGATGC,Fungi,HL,Paddy,Level4,49100,HLPDay30L45
HLPDay30L46,TATGAACG,CTTGGTCATTTAGAGGAAGTAA,GCTGCGTTCTTCATCGATGC,Fungi,HL,Paddy,Level4,49100,HLPDay30L46
HLPDay30L51,TCCGGCGT,CTTGGTCATTTAGAGGAAGTAA,GCTGCGTTCTTCATCGATGC,Fungi,HL,Paddy,Level5,147000,HLPDay30L51
HLPDay30L52,TCCTTAAC,CTTGGTCATTTAGAGGAAGTAA,GCTGCGTTCTTCATCGATGC,Fungi,HL,Paddy,Level5,147000,HLPDay30L52
HLPDay30L53,TCTACTCT,CTTGGTCATTTAGAGGAAGTAA,GCTGCGTTCTTCATCGATGC,Fungi,HL,Paddy,Level5,147000,HLPDay30L53
HLPDay30L54,TGAGCGAT,CTTGGTCATTTAGAGGAAGTAA,GCTGCGTTCTTCATCGATGC,Fungi,HL,Paddy,Level5,147000,HLPDay30L54
HLPDay30L55,TTAAGTAA,CTTGGTCATTTAGAGGAAGTAA,GCTGCGTTCTTCATCGATGC,Fungi,HL,Paddy,Level5,147000,HLPDay30L55
HLPDay30L56,TTACTAGT,CTTGGTCATTTAGAGGAAGTAA,GCTGCGTTCTTCATCGATGC,Fungi,HL,Paddy,Level5,147000,HLPDay30L56
HLPDay30L61,TTCATCCG,CTTGGTCATTTAGAGGAAGTAA,GCTGCGTTCTTCATCGATGC,Fungi,HL,Paddy,Level6,442000,HLPDay30L61
HLPDay30L62,TTGCAGAC,CTTGGTCATTTAGAGGAAGTAA,GCTGCGTTCTTCATCGATGC,Fungi,HL,Paddy,Level6,442000,HLPDay30L62
HLPDay30L63,TTGGCTTG,CTTGGTCATTTAGAGGAAGTAA,GCTGCGTTCTTCATCGATGC,Fungi,HL,Paddy,Level6,442000,HLPDay30L63
HLPDay30L64,CCATCCTT,CTTGGTCATTTAGAGGAAGTAA,GCTGCGTTCTTCATCGATGC,Fungi,HL,Paddy,Level6,442000,HLPDay30L64
HLPDay30L65,AACGTTAC,CTTGGTCATTTAGAGGAAGTAA,GCTGCGTTCTTCATCGATGC,Fungi,HL,Paddy,Level6,442000,HLPDay30L65
HLPDay30L66,AATTGCCG,CTTGGTCATTTAGAGGAAGTAA,GCTGCGTTCTTCATCGATGC,Fungi,HL,Paddy,Level6,442000,HLPDay30L66
HLPDay30L71,AGAGAACT,CTTGGTCATTTAGAGGAAGTAA,GCTGCGTTCTTCATCGATGC,Fungi,HL,Paddy,Level7,1330000,HLPDay30L71
HLPDay30L72,CAGCCGTT,CTTGGTCATTTAGAGGAAGTAA,GCTGCGTTCTTCATCGATGC,Fungi,HL,Paddy,Level7,1330000,HLPDay30L72
HLPDay30L73,CCAATCAG,CTTGGTCATTTAGAGGAAGTAA,GCTGCGTTCTTCATCGATGC,Fungi,HL,Paddy,Level7,1330000,HLPDay30L73
HLPDay30L74,CCTTAGGC,CTTGGTCATTTAGAGGAAGTAA,GCTGCGTTCTTCATCGATGC,Fungi,HL,Paddy,Level7,1330000,HLPDay30L74
HLPDay30L75,GGATCTTG,CTTGGTCATTTAGAGGAAGTAA,GCTGCGTTCTTCATCGATGC,Fungi,HL,Paddy,Level7,1330000,HLPDay30L75
HLPDay30L76,TCCGCGCG,CTTGGTCATTTAGAGGAAGTAA,GCTGCGTTCTTCATCGATGC,Fungi,HL,Paddy,Level7,1330000,HLPDay30L76
HLPDay30L81,TCTAGATT,CTTGGTCATTTAGAGGAAGTAA,GCTGCGTTCTTCATCGATGC,Fungi,HL,Paddy,Level8,3980000,HLPDay30L81
HLPDay30L82,TTACCAAC,CTTGGTCATTTAGAGGAAGTAA,GCTGCGTTCTTCATCGATGC,Fungi,HL,Paddy,Level8,3980000,HLPDay30L82
HLPDay30L83,TTCTTCTA,CTTGGTCATTTAGAGGAAGTAA,GCTGCGTTCTTCATCGATGC,Fungi,HL,Paddy,Level8,3980000,HLPDay30L83
HLPDay30L84,TTGAATGG,CTTGGTCATTTAGAGGAAGTAA,GCTGCGTTCTTCATCGATGC,Fungi,HL,Paddy,Level8,3980000,HLPDay30L84
HLPDay30L85,TAGAACAC,CTTGGTCATTTAGAGGAAGTAA,GCTGCGTTCTTCATCGATGC,Fungi,HL,Paddy,Level8,3980000,HLPDay30L85
HLPDay30L86,CGATGTTT,CTTGGTCATTTAGAGGAAGTAA,GCTGCGTTCTTCATCGATGC,Fungi,HL,Paddy,Level8,3980000,HLPDay30L86
HLPDay30L91,TGACAGAC,CTTGGTCATTTAGAGGAAGTAA,GCTGCGTTCTTCATCGATGC,Fungi,HL,Paddy,Level9,19900000,HLPDay30L91
HLPDay30L92,TGGTTGTT,CTTGGTCATTTAGAGGAAGTAA,GCTGCGTTCTTCATCGATGC,Fungi,HL,Paddy,Level9,19900000,HLPDay30L92
HLPDay30L93,TTGGTATG,CTTGGTCATTTAGAGGAAGTAA,GCTGCGTTCTTCATCGATGC,Fungi,HL,Paddy,Level9,19900000,HLPDay30L93
HLPDay30L94,TTGTTCCA,CTTGGTCATTTAGAGGAAGTAA,GCTGCGTTCTTCATCGATGC,Fungi,HL,Paddy,Level9,19900000,HLPDay30L94
HLPDay30L95,TTCTGTGT,CTTGGTCATTTAGAGGAAGTAA,GCTGCGTTCTTCATCGATGC,Fungi,HL,Paddy,Level9,19900000,HLPDay30L95
HLPDay30L96,TGCTGATA,CTTGGTCATTTAGAGGAAGTAA,GCTGCGTTCTTCATCGATGC,Fungi,HL,Paddy,Level9,19900000,HLPDay30L96
