SampleID,Treatment,Site,IncubationTime,SoilType,UP,Crop,Elevation,Longitude,latitude,FluxofCO2,SoilID,BarcodeSequence,ForwardPrimerSequence,ReversePrimerSequence,Description
SY1CKU1,CK,SY,Day7,Upland,SYUpland,Mango,40,109.6458333,18.34055556,0.05,1-U-1,AACCGGAT,ACTCCTACGGGAGGCAGCA?,GGACTACHVGGGTWTCTAAT?,SY-1-CK-U-1
SY1CKU2,CK,SY,Day7,Upland,SYUpland,Orchard,30,109.645,18.34083333,0.08,1-U-2,AACTACGG,ACTCCTACGGGAGGCAGCA?,GGACTACHVGGGTWTCTAAT?,SY-1-CK-U-2
SY1CKU3,CK,SY,Day7,Upland,SYUpland,Maize,40,109.6441667,18.34194444,0.03,1-U-3,AAGACGCG,ACTCCTACGGGAGGCAGCA?,GGACTACHVGGGTWTCTAAT?,SY-1-CK-U-3
SY1CKP1,CK,SY,Day7,Paddy,SYPaddy,Rice,30,109.6463889,18.33833333,0.17,1-P-1,AAGGTAGC,ACTCCTACGGGAGGCAGCA?,GGACTACHVGGGTWTCTAAT?,SY-1-CK-P-1
SY1CKP2,CK,SY,Day7,Paddy,SYPaddy,Rice,40,109.6461111,18.33777778,0.25,1-P-2,AATAATAC,ACTCCTACGGGAGGCAGCA?,GGACTACHVGGGTWTCTAAT?,SY-1-CK-P-2
SY1CKP3,CK,SY,Day7,Paddy,SYPaddy,Rice,30,109.6463889,18.33777778,0.2,1-P-3,AATCTCCA,ACTCCTACGGGAGGCAGCA?,GGACTACHVGGGTWTCTAAT?,SY-1-CK-P-3
HL1CKU1,CK,HL,Day7,Upland,HLUpland,Maize,230,127.0066667,47.45916667,0.22,24-U-1,AATTCATT,ACTCCTACGGGAGGCAGCA?,GGACTACHVGGGTWTCTAAT?,HL-1-CK-U-1
HL1CKU2,CK,HL,Day7,Upland,HLUpland,Maize,240,127.0072222,47.45972222,0.15,24-U-2,ACGCAATG,ACTCCTACGGGAGGCAGCA?,GGACTACHVGGGTWTCTAAT?,HL-1-CK-U-2
HL1CKU3,CK,HL,Day7,Upland,HLUpland,Maize,240,127.0052778,47.45972222,0.13,24-U-3,ACTGCCAG,ACTCCTACGGGAGGCAGCA?,GGACTACHVGGGTWTCTAAT?,HL-1-CK-U-3
HL1CKP1,CK,HL,Day7,Paddy,HLPaddy,Rice,240,127.0075,47.45916667,0.16,24-P-1,ACTTGGCC,ACTCCTACGGGAGGCAGCA?,GGACTACHVGGGTWTCTAAT?,HL-1-CK-P-1
HL1CKP2,CK,HL,Day7,Paddy,HLPaddy,Rice,240,127.0083333,47.46,0.2,24-P-2,AGCGAGTC,ACTCCTACGGGAGGCAGCA?,GGACTACHVGGGTWTCTAAT?,HL-1-CK-P-2
HL1CKP3,CK,HL,Day7,Paddy,HLPaddy,Rice,240,127.0083333,47.46,0.13,24-P-3,AGGATCAT,ACTCCTACGGGAGGCAGCA?,GGACTACHVGGGTWTCTAAT?,HL-1-CK-P-3
SY2CKU1,CK,SY,DAY30,Upland,SYUpland,Mango,40,109.6458333,18.34055556,0.42,1-U-1,ATAACCTC,ACTCCTACGGGAGGCAGCA?,GGACTACHVGGGTWTCTAAT?,SY-2-CK-U-1
SY2CKU2,CK,SY,DAY30,Upland,SYUpland,Orchard,30,109.645,18.34083333,0.14,1-U-2,ATAGATCT,ACTCCTACGGGAGGCAGCA?,GGACTACHVGGGTWTCTAAT?,SY-2-CK-U-2
SY2CKU3,CK,SY,DAY30,Upland,SYUpland,Maize,40,109.6441667,18.34194444,0.1,1-U-3,ATATTGAG,ACTCCTACGGGAGGCAGCA?,GGACTACHVGGGTWTCTAAT?,SY-2-CK-U-3
SY2CKP1,CK,SY,DAY30,Paddy,SYPaddy,Rice,30,109.6463889,18.33833333,0.09,1-P-1,ATTAGAGG,ACTCCTACGGGAGGCAGCA?,GGACTACHVGGGTWTCTAAT?,SY-2-CK-P-1
SY2CKP2,CK,SY,DAY30,Paddy,SYPaddy,Rice,40,109.6461111,18.33777778,0.11,1-P-2,CAGGACTT,ACTCCTACGGGAGGCAGCA?,GGACTACHVGGGTWTCTAAT?,SY-2-CK-P-2
SY2CKP3,CK,SY,DAY30,Paddy,SYPaddy,Rice,30,109.6463889,18.33777778,0.16,1-P-3,CATCCTGG,ACTCCTACGGGAGGCAGCA?,GGACTACHVGGGTWTCTAAT?,SY-2-CK-P-3
HL2CKU1,CK,HL,DAY30,Upland,HLUpland,Maize,230,127.0066667,47.45916667,0.23,24-U-1,CCAATTGC,ACTCCTACGGGAGGCAGCA?,GGACTACHVGGGTWTCTAAT?,HL-2-CK-U-1
HL2CKU2,CK,HL,DAY30,Upland,HLUpland,Maize,240,127.0072222,47.45972222,0.18,24-U-2,CCGCTGCT,ACTCCTACGGGAGGCAGCA?,GGACTACHVGGGTWTCTAAT?,HL-2-CK-U-2
HL2CKU3,CK,HL,DAY30,Upland,HLUpland,Maize,240,127.0052778,47.45972222,0.19,24-U-3,CGATATTG,ACTCCTACGGGAGGCAGCA?,GGACTACHVGGGTWTCTAAT?,HL-2-CK-U-3
HL2CKP1,CK,HL,DAY30,Paddy,HLPaddy,Rice,240,127.0075,47.45916667,0.18,24-P-1,CTCCGATC,ACTCCTACGGGAGGCAGCA?,GGACTACHVGGGTWTCTAAT?,HL-2-CK-P-1
HL2CKP2,CK,HL,DAY30,Paddy,HLPaddy,Rice,240,127.0083333,47.46,0.2,24-P-2,CTCTCGGT,ACTCCTACGGGAGGCAGCA?,GGACTACHVGGGTWTCTAAT?,HL-2-CK-P-2
HL2CKP3,CK,HL,DAY30,Paddy,HLPaddy,Rice,240,127.0083333,47.46,-0.14,24-P-3,GCAAGGTT,ACTCCTACGGGAGGCAGCA?,GGACTACHVGGGTWTCTAAT?,HL-2-CK-P-3
SY3CKU1,CK,SY,DAY60,Upland,SYUpland,Mango,40,109.6458333,18.34055556,-0.18,1-U-1,GCGTATAT,ACTCCTACGGGAGGCAGCA?,GGACTACHVGGGTWTCTAAT?,SY-3-CK-U-1
SY3CKU2,CK,SY,DAY60,Upland,SYUpland,Orchard,30,109.645,18.34083333,0.15,1-U-2,GGAGTCGG,ACTCCTACGGGAGGCAGCA?,GGACTACHVGGGTWTCTAAT?,SY-3-CK-U-2
SY3CKU3,CK,SY,DAY60,Upland,SYUpland,Maize,40,109.6441667,18.34194444,0.04,1-U-3,GGCCTTCC,ACTCCTACGGGAGGCAGCA?,GGACTACHVGGGTWTCTAAT?,SY-3-CK-U-3
SY3CKP1,CK,SY,DAY60,Paddy,SYPaddy,Rice,30,109.6463889,18.33833333,0.06,1-P-1,GGTTAAGC,ACTCCTACGGGAGGCAGCA?,GGACTACHVGGGTWTCTAAT?,SY-3-CK-P-1
SY3CKP2,CK,SY,DAY60,Paddy,SYPaddy,Rice,40,109.6461111,18.33777778,0.18,1-P-2,TAACGCTG,ACTCCTACGGGAGGCAGCA?,GGACTACHVGGGTWTCTAAT?,SY-3-CK-P-2
SY3CKP3,CK,SY,DAY60,Paddy,SYPaddy,Rice,30,109.6463889,18.33777778,-0.06,1-P-3,TATGAACG,ACTCCTACGGGAGGCAGCA?,GGACTACHVGGGTWTCTAAT?,SY-3-CK-P-3
HL3CKU1,CK,HL,DAY60,Upland,HLUpland,Maize,230,127.0066667,47.45916667,0.38,24-U-1,TCCGGCGT,ACTCCTACGGGAGGCAGCA?,GGACTACHVGGGTWTCTAAT?,HL-3-CK-U-1
HL3CKU2,CK,HL,DAY60,Upland,HLUpland,Maize,240,127.0072222,47.45972222,0.05,24-U-2,TCCTTAAC,ACTCCTACGGGAGGCAGCA?,GGACTACHVGGGTWTCTAAT?,HL-3-CK-U-2
HL3CKU3,CK,HL,DAY60,Upland,HLUpland,Maize,240,127.0052778,47.45972222,-0.31,24-U-3,TCTACTCT,ACTCCTACGGGAGGCAGCA?,GGACTACHVGGGTWTCTAAT?,HL-3-CK-U-3
HL3CKP1,CK,HL,DAY60,Paddy,HLPaddy,Rice,240,127.0075,47.45916667,0.2,24-P-1,TGAGCGAT,ACTCCTACGGGAGGCAGCA?,GGACTACHVGGGTWTCTAAT?,HL-3-CK-P-1
HL3CKP2,CK,HL,DAY60,Paddy,HLPaddy,Rice,240,127.0083333,47.46,0.12,24-P-2,TTAAGTAA,ACTCCTACGGGAGGCAGCA?,GGACTACHVGGGTWTCTAAT?,HL-3-CK-P-2
HL3CKP3,CK,HL,DAY60,Paddy,HLPaddy,Rice,240,127.0083333,47.46,-0.27,24-P-3,TTACTAGT,ACTCCTACGGGAGGCAGCA?,GGACTACHVGGGTWTCTAAT?,HL-3-CK-P-3
SY1SU1,Straw,SY,Day7,Upland,SYUpland,Mango,40,109.6458333,18.34055556,1.14,1-U-1,AACCGGAT,ACTCCTACGGGAGGCAGCA?,GGACTACHVGGGTWTCTAAT?,SY-1-S-U-1
SY1SU2,Straw,SY,Day7,Upland,SYUpland,Orchard,30,109.645,18.34083333,1.02,1-U-2,AACTACGG,ACTCCTACGGGAGGCAGCA?,GGACTACHVGGGTWTCTAAT?,SY-1-S-U-2
SY1SU3,Straw,SY,Day7,Upland,SYUpland,Maize,40,109.6441667,18.34194444,1.04,1-U-3,AAGACGCG,ACTCCTACGGGAGGCAGCA?,GGACTACHVGGGTWTCTAAT?,SY-1-S-U-3
SY1SP1,Straw,SY,Day7,Paddy,SYPaddy,Rice,30,109.6463889,18.33833333,1.31,1-P-1,AAGGTAGC,ACTCCTACGGGAGGCAGCA?,GGACTACHVGGGTWTCTAAT?,SY-1-S-P-1
SY1SP2,Straw,SY,Day7,Paddy,SYPaddy,Rice,40,109.6461111,18.33777778,1.11,1-P-2,AATAATAC,ACTCCTACGGGAGGCAGCA?,GGACTACHVGGGTWTCTAAT?,SY-1-S-P-2
SY1SP3,Straw,SY,Day7,Paddy,SYPaddy,Rice,30,109.6463889,18.33777778,0.85,1-P-3,AATCTCCA,ACTCCTACGGGAGGCAGCA?,GGACTACHVGGGTWTCTAAT?,SY-1-S-P-3
HL1SU1,Straw,HL,Day7,Upland,HLUpland,Maize,230,127.0066667,47.45916667,0.98,24-U-1,AATTCATT,ACTCCTACGGGAGGCAGCA?,GGACTACHVGGGTWTCTAAT?,HL-1-S-U-1
HL1SU2,Straw,HL,Day7,Upland,HLUpland,Maize,240,127.0072222,47.45972222,0.73,24-U-2,ACGCAATG,ACTCCTACGGGAGGCAGCA?,GGACTACHVGGGTWTCTAAT?,HL-1-S-U-2
HL1SU3,Straw,HL,Day7,Upland,HLUpland,Maize,240,127.0052778,47.45972222,0.91,24-U-3,ACTGCCAG,ACTCCTACGGGAGGCAGCA?,GGACTACHVGGGTWTCTAAT?,HL-1-S-U-3
HL1SP1,Straw,HL,Day7,Paddy,HLPaddy,Rice,240,127.0075,47.45916667,0.65,24-P-1,ACTTGGCC,ACTCCTACGGGAGGCAGCA?,GGACTACHVGGGTWTCTAAT?,HL-1-S-P-1
HL1SP2,Straw,HL,Day7,Paddy,HLPaddy,Rice,240,127.0083333,47.46,0.62,24-P-2,AGCGAGTC,ACTCCTACGGGAGGCAGCA?,GGACTACHVGGGTWTCTAAT?,HL-1-S-P-2
HL1SP3,Straw,HL,Day7,Paddy,HLPaddy,Rice,240,127.0083333,47.46,0.64,24-P-3,AGGATCAT,ACTCCTACGGGAGGCAGCA?,GGACTACHVGGGTWTCTAAT?,HL-1-S-P-3
SY2SU1,Straw,SY,DAY30,Upland,SYUpland,Mango,40,109.6458333,18.34055556,0.22,1-U-1,ATAACCTC,ACTCCTACGGGAGGCAGCA?,GGACTACHVGGGTWTCTAAT?,SY-2-S-U-1
SY2SU2,Straw,SY,DAY30,Upland,SYUpland,Orchard,30,109.645,18.34083333,0.25,1-U-2,ATAGATCT,ACTCCTACGGGAGGCAGCA?,GGACTACHVGGGTWTCTAAT?,SY-2-S-U-2
SY2SU3,Straw,SY,DAY30,Upland,SYUpland,Maize,40,109.6441667,18.34194444,0.22,1-U-3,ATATTGAG,ACTCCTACGGGAGGCAGCA?,GGACTACHVGGGTWTCTAAT?,SY-2-S-U-3
SY2SP1,Straw,SY,DAY30,Paddy,SYPaddy,Rice,30,109.6463889,18.33833333,0.4,1-P-1,ATTAGAGG,ACTCCTACGGGAGGCAGCA?,GGACTACHVGGGTWTCTAAT?,SY-2-S-P-1
SY2SP2,Straw,SY,DAY30,Paddy,SYPaddy,Rice,40,109.6461111,18.33777778,0.25,1-P-2,CAGGACTT,ACTCCTACGGGAGGCAGCA?,GGACTACHVGGGTWTCTAAT?,SY-2-S-P-2
SY2SP3,Straw,SY,DAY30,Paddy,SYPaddy,Rice,30,109.6463889,18.33777778,0.42,1-P-3,CATCCTGG,ACTCCTACGGGAGGCAGCA?,GGACTACHVGGGTWTCTAAT?,SY-2-S-P-3
HL2SU1,Straw,HL,DAY30,Upland,HLUpland,Maize,230,127.0066667,47.45916667,0.24,24-U-1,CCAATTGC,ACTCCTACGGGAGGCAGCA?,GGACTACHVGGGTWTCTAAT?,HL-2-S-U-1
HL2SU2,Straw,HL,DAY30,Upland,HLUpland,Maize,240,127.0072222,47.45972222,0.33,24-U-2,CCGCTGCT,ACTCCTACGGGAGGCAGCA?,GGACTACHVGGGTWTCTAAT?,HL-2-S-U-2
HL2SU3,Straw,HL,DAY30,Upland,HLUpland,Maize,240,127.0052778,47.45972222,0.19,24-U-3,CGATATTG,ACTCCTACGGGAGGCAGCA?,GGACTACHVGGGTWTCTAAT?,HL-2-S-U-3
HL2SP1,Straw,HL,DAY30,Paddy,HLPaddy,Rice,240,127.0075,47.45916667,0.42,24-P-1,CTCCGATC,ACTCCTACGGGAGGCAGCA?,GGACTACHVGGGTWTCTAAT?,HL-2-S-P-1
HL2SP2,Straw,HL,DAY30,Paddy,HLPaddy,Rice,240,127.0083333,47.46,0.38,24-P-2,CTCTCGGT,ACTCCTACGGGAGGCAGCA?,GGACTACHVGGGTWTCTAAT?,HL-2-S-P-2
HL2SP3,Straw,HL,DAY30,Paddy,HLPaddy,Rice,240,127.0083333,47.46,0.33,24-P-3,GCAAGGTT,ACTCCTACGGGAGGCAGCA?,GGACTACHVGGGTWTCTAAT?,HL-2-S-P-3
SY3SU1,Straw,SY,DAY60,Upland,SYUpland,Mango,40,109.6458333,18.34055556,0.13,1-U-1,GCGTATAT,ACTCCTACGGGAGGCAGCA?,GGACTACHVGGGTWTCTAAT?,SY-3-S-U-1
SY3SU2,Straw,SY,DAY60,Upland,SYUpland,Orchard,30,109.645,18.34083333,0.09,1-U-2,GGAGTCGG,ACTCCTACGGGAGGCAGCA?,GGACTACHVGGGTWTCTAAT?,SY-3-S-U-2
SY3SU3,Straw,SY,DAY60,Upland,SYUpland,Maize,40,109.6441667,18.34194444,0.2,1-U-3,GGCCTTCC,ACTCCTACGGGAGGCAGCA?,GGACTACHVGGGTWTCTAAT?,SY-3-S-U-3
SY3SP1,Straw,SY,DAY60,Paddy,SYPaddy,Rice,30,109.6463889,18.33833333,0.17,1-P-1,GGTTAAGC,ACTCCTACGGGAGGCAGCA?,GGACTACHVGGGTWTCTAAT?,SY-3-S-P-1
SY3SP2,Straw,SY,DAY60,Paddy,SYPaddy,Rice,40,109.6461111,18.33777778,0.03,1-P-2,TAACGCTG,ACTCCTACGGGAGGCAGCA?,GGACTACHVGGGTWTCTAAT?,SY-3-S-P-2
SY3SP3,Straw,SY,DAY60,Paddy,SYPaddy,Rice,30,109.6463889,18.33777778,0.08,1-P-3,TATGAACG,ACTCCTACGGGAGGCAGCA?,GGACTACHVGGGTWTCTAAT?,SY-3-S-P-3
HL3SU1,Straw,HL,DAY60,Upland,HLUpland,Maize,230,127.0066667,47.45916667,0.06,24-U-1,TCCGGCGT,ACTCCTACGGGAGGCAGCA?,GGACTACHVGGGTWTCTAAT?,HL-3-S-U-1
HL3SU2,Straw,HL,DAY60,Upland,HLUpland,Maize,240,127.0072222,47.45972222,-0.03,24-U-2,TCCTTAAC,ACTCCTACGGGAGGCAGCA?,GGACTACHVGGGTWTCTAAT?,HL-3-S-U-2
HL3SU3,Straw,HL,DAY60,Upland,HLUpland,Maize,240,127.0052778,47.45972222,0.05,24-U-3,TCTACTCT,ACTCCTACGGGAGGCAGCA?,GGACTACHVGGGTWTCTAAT?,HL-3-S-U-3
HL3SP1,Straw,HL,DAY60,Paddy,HLPaddy,Rice,240,127.0075,47.45916667,0.06,24-P-1,TGAGCGAT,ACTCCTACGGGAGGCAGCA?,GGACTACHVGGGTWTCTAAT?,HL-3-S-P-1
HL3SP2,Straw,HL,DAY60,Paddy,HLPaddy,Rice,240,127.0083333,47.46,0.03,24-P-2,TTAAGTAA,ACTCCTACGGGAGGCAGCA?,GGACTACHVGGGTWTCTAAT?,HL-3-S-P-2
HL3SP3,Straw,HL,DAY60,Paddy,HLPaddy,Rice,240,127.0083333,47.46,0.06,24-P-3,TTACTAGT,ACTCCTACGGGAGGCAGCA?,GGACTACHVGGGTWTCTAAT?,HL-3-S-P-3
SY1HFU1,HF,SY,Day7,Upland,SYUpland,Mango,40,109.6458333,18.34055556,1.14,1-U-1,AACCGGAT,ACTCCTACGGGAGGCAGCA?,GGACTACHVGGGTWTCTAAT?,SY-1-HF-U-1
SY1HFU2,HF,SY,Day7,Upland,SYUpland,Orchard,30,109.645,18.34083333,1.02,1-U-2,AACTACGG,ACTCCTACGGGAGGCAGCA?,GGACTACHVGGGTWTCTAAT?,SY-1-HF-U-2
SY1HFU3,HF,SY,Day7,Upland,SYUpland,Maize,40,109.6441667,18.34194444,1.04,1-U-3,AAGACGCG,ACTCCTACGGGAGGCAGCA?,GGACTACHVGGGTWTCTAAT?,SY-1-HF-U-3
SY1HFP1,HF,SY,Day7,Paddy,SYPaddy,Rice,30,109.6463889,18.33833333,1.31,1-P-1,AAGGTAGC,ACTCCTACGGGAGGCAGCA?,GGACTACHVGGGTWTCTAAT?,SY-1-HF-P-1
SY1HFP2,HF,SY,Day7,Paddy,SYPaddy,Rice,40,109.6461111,18.33777778,1.11,1-P-2,AATAATAC,ACTCCTACGGGAGGCAGCA?,GGACTACHVGGGTWTCTAAT?,SY-1-HF-P-2
SY1HFP3,HF,SY,Day7,Paddy,SYPaddy,Rice,30,109.6463889,18.33777778,0.85,1-P-3,AATCTCCA,ACTCCTACGGGAGGCAGCA?,GGACTACHVGGGTWTCTAAT?,SY-1-HF-P-3
HL1HFU1,HF,HL,Day7,Upland,HLUpland,Maize,230,127.0066667,47.45916667,0.98,24-U-1,AATTCATT,ACTCCTACGGGAGGCAGCA?,GGACTACHVGGGTWTCTAAT?,HL-1-HF-U-1
HL1HFU2,HF,HL,Day7,Upland,HLUpland,Maize,240,127.0072222,47.45972222,0.73,24-U-2,ACGCAATG,ACTCCTACGGGAGGCAGCA?,GGACTACHVGGGTWTCTAAT?,HL-1-HF-U-2
HL1HFU3,HF,HL,Day7,Upland,HLUpland,Maize,240,127.0052778,47.45972222,0.91,24-U-3,ACTGCCAG,ACTCCTACGGGAGGCAGCA?,GGACTACHVGGGTWTCTAAT?,HL-1-HF-U-3
HL1HFP1,HF,HL,Day7,Paddy,HLPaddy,Rice,240,127.0075,47.45916667,0.65,24-P-1,ACTTGGCC,ACTCCTACGGGAGGCAGCA?,GGACTACHVGGGTWTCTAAT?,HL-1-HF-P-1
HL1HFP2,HF,HL,Day7,Paddy,HLPaddy,Rice,240,127.0083333,47.46,0.62,24-P-2,AGCGAGTC,ACTCCTACGGGAGGCAGCA?,GGACTACHVGGGTWTCTAAT?,HL-1-HF-P-2
HL1HFP3,HF,HL,Day7,Paddy,HLPaddy,Rice,240,127.0083333,47.46,0.64,24-P-3,AGGATCAT,ACTCCTACGGGAGGCAGCA?,GGACTACHVGGGTWTCTAAT?,HL-1-HF-P-3
SY2HFU1,HF,SY,DAY30,Upland,SYUpland,Mango,40,109.6458333,18.34055556,0.22,1-U-1,ATAACCTC,ACTCCTACGGGAGGCAGCA?,GGACTACHVGGGTWTCTAAT?,SY-2-HF-U-1
SY2HFU2,HF,SY,DAY30,Upland,SYUpland,Orchard,30,109.645,18.34083333,0.25,1-U-2,ATAGATCT,ACTCCTACGGGAGGCAGCA?,GGACTACHVGGGTWTCTAAT?,SY-2-HF-U-2
SY2HFU3,HF,SY,DAY30,Upland,SYUpland,Maize,40,109.6441667,18.34194444,0.22,1-U-3,ATATTGAG,ACTCCTACGGGAGGCAGCA?,GGACTACHVGGGTWTCTAAT?,SY-2-HF-U-3
SY2HFP1,HF,SY,DAY30,Paddy,SYPaddy,Rice,30,109.6463889,18.33833333,0.4,1-P-1,ATTAGAGG,ACTCCTACGGGAGGCAGCA?,GGACTACHVGGGTWTCTAAT?,SY-2-HF-P-1
SY2HFP2,HF,SY,DAY30,Paddy,SYPaddy,Rice,40,109.6461111,18.33777778,0.25,1-P-2,CAGGACTT,ACTCCTACGGGAGGCAGCA?,GGACTACHVGGGTWTCTAAT?,SY-2-HF-P-2
SY2HFP3,HF,SY,DAY30,Paddy,SYPaddy,Rice,30,109.6463889,18.33777778,0.42,1-P-3,CATCCTGG,ACTCCTACGGGAGGCAGCA?,GGACTACHVGGGTWTCTAAT?,SY-2-HF-P-3
HL2HFU1,HF,HL,DAY30,Upland,HLUpland,Maize,230,127.0066667,47.45916667,0.24,24-U-1,CCAATTGC,ACTCCTACGGGAGGCAGCA?,GGACTACHVGGGTWTCTAAT?,HL-2-HF-U-1
HL2HFU2,HF,HL,DAY30,Upland,HLUpland,Maize,240,127.0072222,47.45972222,0.33,24-U-2,CCGCTGCT,ACTCCTACGGGAGGCAGCA?,GGACTACHVGGGTWTCTAAT?,HL-2-HF-U-2
HL2HFU3,HF,HL,DAY30,Upland,HLUpland,Maize,240,127.0052778,47.45972222,0.19,24-U-3,CGATATTG,ACTCCTACGGGAGGCAGCA?,GGACTACHVGGGTWTCTAAT?,HL-2-HF-U-3
HL2HFP1,HF,HL,DAY30,Paddy,HLPaddy,Rice,240,127.0075,47.45916667,0.42,24-P-1,CTCCGATC,ACTCCTACGGGAGGCAGCA?,GGACTACHVGGGTWTCTAAT?,HL-2-HF-P-1
HL2HFP2,HF,HL,DAY30,Paddy,HLPaddy,Rice,240,127.0083333,47.46,0.38,24-P-2,CTCTCGGT,ACTCCTACGGGAGGCAGCA?,GGACTACHVGGGTWTCTAAT?,HL-2-HF-P-2
HL2HFP3,HF,HL,DAY30,Paddy,HLPaddy,Rice,240,127.0083333,47.46,0.33,24-P-3,GCAAGGTT,ACTCCTACGGGAGGCAGCA?,GGACTACHVGGGTWTCTAAT?,HL-2-HF-P-3
SY3HFU1,HF,SY,DAY60,Upland,SYUpland,Mango,40,109.6458333,18.34055556,0.13,1-U-1,GCGTATAT,ACTCCTACGGGAGGCAGCA?,GGACTACHVGGGTWTCTAAT?,SY-3-HF-U-1
SY3HFU2,HF,SY,DAY60,Upland,SYUpland,Orchard,30,109.645,18.34083333,0.09,1-U-2,GGAGTCGG,ACTCCTACGGGAGGCAGCA?,GGACTACHVGGGTWTCTAAT?,SY-3-HF-U-2
SY3HFU3,HF,SY,DAY60,Upland,SYUpland,Maize,40,109.6441667,18.34194444,0.2,1-U-3,GGCCTTCC,ACTCCTACGGGAGGCAGCA?,GGACTACHVGGGTWTCTAAT?,SY-3-HF-U-3
SY3HFP1,HF,SY,DAY60,Paddy,SYPaddy,Rice,30,109.6463889,18.33833333,0.17,1-P-1,GGTTAAGC,ACTCCTACGGGAGGCAGCA?,GGACTACHVGGGTWTCTAAT?,SY-3-HF-P-1
SY3HFP2,HF,SY,DAY60,Paddy,SYPaddy,Rice,40,109.6461111,18.33777778,0.17,1-P-2,TTCATCCG,ACTCCTACGGGAGGCAGCA?,GGACTACHVGGGTWTCTAAT?,SY-3-HF-P-2
SY3HFP3,HF,SY,DAY60,Paddy,SYPaddy,Rice,30,109.6463889,18.33777778,0.08,1-P-3,TATGAACG,ACTCCTACGGGAGGCAGCA?,GGACTACHVGGGTWTCTAAT?,SY-3-HF-P-3
HL3HFU1,HF,HL,DAY60,Upland,HLUpland,Maize,230,127.0066667,47.45916667,0.06,24-U-1,TCCGGCGT,ACTCCTACGGGAGGCAGCA?,GGACTACHVGGGTWTCTAAT?,HL-3-HF-U-1
HL3HFU2,HF,HL,DAY60,Upland,HLUpland,Maize,240,127.0072222,47.45972222,-0.03,24-U-2,TCCTTAAC,ACTCCTACGGGAGGCAGCA?,GGACTACHVGGGTWTCTAAT?,HL-3-HF-U-2
HL3HFU3,HF,HL,DAY60,Upland,HLUpland,Maize,240,127.0052778,47.45972222,0.05,24-U-3,TCTACTCT,ACTCCTACGGGAGGCAGCA?,GGACTACHVGGGTWTCTAAT?,HL-3-HF-U-3
HL3HFP1,HF,HL,DAY60,Paddy,HLPaddy,Rice,240,127.0075,47.45916667,0.06,24-P-1,TGAGCGAT,ACTCCTACGGGAGGCAGCA?,GGACTACHVGGGTWTCTAAT?,HL-3-HF-P-1
HL3HFP2,HF,HL,DAY60,Paddy,HLPaddy,Rice,240,127.0075,47.45916667,0.06,24-P-1,TGAGCGAT,ACTCCTACGGGAGGCAGCA?,GGACTACHVGGGTWTCTAAT?,HL-3-HF-P-2
HL3HFP3,HF,HL,DAY60,Paddy,HLPaddy,Rice,240,127.0083333,47.46,0.06,24-P-3,TTACTAGT,ACTCCTACGGGAGGCAGCA?,GGACTACHVGGGTWTCTAAT?,HL-3-HF-P-3
